block_0,block_1,block_2,block_3,block_4,block_5,block_6,block_7,block_8,block_9,block_10,block_11,map50,map50_95,map75
0,0,0,0,0,0,0,0,0,0,0,0,0.40594580427858656,0.33261023272908335,0.3730445596702779
1,1,1,1,1,1,1,1,1,1,1,1,0.4030533934473026,0.3375331161564501,0.37505070813139263
1,1,1,0,1,0,0,0,1,1,0,1,0.39961179527862384,0.3361464879806609,0.37622589022367575
0,1,1,1,1,1,0,0,1,0,0,1,0.40549286170632964,0.33873713463461613,0.37712871600853104
1,0,0,0,0,1,1,1,0,0,1,1,0.4066617286991716,0.33848996457383895,0.37665114190639776
1,0,0,1,1,1,1,1,0,0,0,0,0.3999815305826953,0.3309658269688519,0.3724029128825361
0,0,0,0,1,1,1,1,0,0,0,1,0.4201805032703876,0.3454823831806596,0.38843710379721874
0,0,1,1,0,1,1,1,0,0,0,1,0.41392969711572253,0.3443107926656467,0.38505492608838915
1,0,0,1,0,1,0,1,1,0,1,0,0.39945977765234053,0.32867722247413445,0.3714848865616072
1,1,1,1,0,1,1,1,1,0,1,1,0.4014651790453217,0.33520280071974123,0.36133674605651794
1,0,0,0,1,0,0,1,0,0,0,0,0.4000440982654656,0.33256735500204654,0.3741813349130326
1,0,1,0,1,1,0,0,1,1,1,0,0.39594822893865217,0.3294672397706829,0.3661428876238205
1,1,0,0,1,1,0,0,1,1,1,1,0.392106192486353,0.32630789386113424,0.36110536837345586
1,0,0,1,1,0,0,0,0,0,0,0,0.3913340450472548,0.32666855164752706,0.367284628692025
0,0,1,1,0,0,1,1,0,0,0,1,0.42051808355056614,0.3440090697232325,0.38490718059367085
1,0,1,0,0,1,0,0,1,0,1,1,0.40621235341530776,0.33986455311402863,0.3707192959194267
1,0,1,0,1,1,1,0,1,0,0,0,0.4019360018769364,0.33058225453816126,0.3595888881027667
1,0,1,0,1,0,0,1,0,1,1,0,0.3997377573891994,0.3320935416961845,0.3693473144914083
0,1,0,0,1,1,1,1,0,1,0,1,0.41900039800003713,0.3443049587584544,0.38318979607375764
1,0,1,0,1,0,0,0,1,1,1,0,0.4049862936178508,0.3355154404401134,0.37336817336700595
0,0,0,0,0,0,0,0,1,0,0,1,0.41435201012816697,0.3387661748424905,0.3770180978155546
1,0,0,1,1,1,0,1,1,1,1,1,0.40746669924720236,0.34021490921223524,0.3759745423882381
1,0,0,1,0,0,0,0,0,1,1,1,0.41460203297395676,0.34401843894983986,0.37340991127016254
0,1,0,0,1,1,0,1,1,0,0,1,0.4060148294957407,0.3357670893541226,0.3693952019236524
1,1,0,1,0,1,0,1,1,0,0,1,0.4167936945256763,0.3442069832481434,0.3830178234811124
0,1,1,0,0,0,0,1,1,1,1,0,0.4177078309962476,0.34014625124815406,0.3751657426531012
1,0,1,0,0,0,0,1,1,1,1,0,0.4043492630484501,0.33719707127697485,0.3744870622208955
1,0,0,0,1,1,1,0,1,0,1,1,0.41318321888677917,0.34355855667031554,0.37287352890972736
0,0,0,0,1,0,0,1,1,0,1,1,0.4204756501898378,0.3464195352283551,0.3874544290377398
1,0,0,1,1,0,1,0,1,0,0,0,0.3921554323597605,0.3271117763348772,0.36774066511626435
0,1,0,1,0,0,1,0,1,1,1,0,0.4104066180347616,0.333804047033942,0.37441055032444365
1,0,0,0,0,0,1,0,1,1,0,0,0.4136241796058412,0.3364802119933295,0.37837079894790193
0,1,0,1,1,0,1,0,0,0,0,0,0.4013385430534795,0.3297272154329587,0.36897934698679224
0,0,1,1,0,0,1,0,0,0,1,0,0.4102512247825607,0.33636592566687573,0.3745091603591189
1,0,0,0,1,1,1,0,0,1,1,0,0.4075002112622016,0.3330998091190108,0.3613669451880681
1,1,1,1,1,0,1,1,1,1,1,1,0.40801143504544546,0.34089680162247343,0.37314493834958457
0,1,1,1,1,0,0,1,1,1,1,1,0.4187812058694833,0.3441523654307761,0.38441204371071874
0,0,1,1,0,1,1,0,0,0,0,1,0.411727685947667,0.33965452493227494,0.38173219460744756
0,1,1,1,1,1,1,1,0,0,1,1,0.41753413920070653,0.3451166043065676,0.3815252817590583
1,1,1,1,0,1,0,1,1,1,0,1,0.4097419996024529,0.3418430652897009,0.37295314694372944
0,1,1,0,1,1,0,0,0,0,1,1,0.4179719232481122,0.34634777773170033,0.387592787387101
1,0,0,1,1,0,1,0,1,1,0,0,0.3945419204296409,0.32731547543494305,0.3670305851778992
0,0,1,1,1,0,1,0,1,0,0,1,0.4119083356906645,0.3394771907955755,0.3770743633631912
0,1,1,1,1,1,0,1,0,0,1,1,0.4197360059131843,0.34800987232902625,0.3892013419756312
1,1,1,1,0,0,0,1,1,1,0,1,0.4091885165204114,0.33739255673735646,0.37412374209890015
0,0,0,1,1,1,1,0,1,0,0,1,0.4168324191349659,0.3392664150422422,0.37906694122766477
0,0,0,0,1,0,0,1,0,1,0,1,0.419081021816057,0.3450118356059759,0.3877274209871835
1,0,1,1,1,1,0,1,1,0,0,0,0.394021711779894,0.3286204805125203,0.37205273068577766
1,0,1,0,1,0,0,0,1,1,0,1,0.4031167140287527,0.33685611772544194,0.3727609636704813
0,0,0,1,1,0,1,0,0,0,1,0,0.4131021601334851,0.33501540122240686,0.37626656019861954
0,0,0,1,0,1,0,1,1,0,1,1,0.41524534367777544,0.340556714552446,0.37651044506943915
0,1,1,1,1,0,1,0,1,1,0,1,0.4167663352282855,0.3385031378144062,0.3703432685594345
0,1,0,0,1,0,0,0,1,1,1,1,0.4016597995549193,0.33342250771029247,0.37271602768536166
0,0,1,0,1,1,1,1,1,1,0,0,0.4080580294809468,0.3355694033076777,0.3756043908598791
1,0,1,0,1,0,0,0,0,1,0,0,0.4028878039112256,0.33593935680598036,0.3750446660805503
1,1,0,0,0,1,1,1,1,0,0,0,0.4070026541040605,0.3305009279525982,0.3642679755972936
1,1,1,0,0,1,0,0,0,1,1,0,0.3969530742719225,0.3295281100614952,0.3682310626115414
0,0,0,0,1,1,0,1,0,1,1,0,0.41381760269649687,0.33642476563473106,0.3780744721892745
1,0,1,1,1,0,0,0,1,0,0,1,0.4065349005697729,0.34118845761156374,0.38275532771823717
0,0,0,1,1,0,1,0,1,1,0,0,0.40809298151996976,0.3329933519907876,0.37330604756077096
0,1,0,1,1,1,1,1,0,0,1,0,0.39725286413519134,0.3264457540532554,0.36403337246780315
1,0,1,1,1,0,1,0,1,1,1,1,0.41903192878997103,0.34838631882646565,0.3751537670131786
1,1,0,1,0,0,1,0,0,0,1,1,0.4155906199089176,0.34636845774616026,0.382786904301462
1,0,0,1,1,1,1,1,0,0,1,1,0.407997991254589,0.3393207302926993,0.37820804621166765
1,1,1,1,0,0,0,1,1,0,0,0,0.392017698431683,0.32552084359765043,0.3632581974056663
0,0,1,1,1,0,1,1,0,0,0,1,0.41701422699284646,0.34339164237264497,0.3752326167472457
1,1,1,1,0,1,0,0,1,1,1,0,0.3988440593645522,0.3307239823910753,0.36890925798530744
1,1,0,1,1,1,1,1,1,1,1,0,0.4036243437035311,0.33243304178516786,0.365572972094624
1,0,1,1,1,0,0,1,0,0,1,0,0.3985846594055128,0.3331767819577899,0.37215369504294826
0,0,0,0,0,0,1,1,0,1,1,0,0.41377328388041096,0.338478805945228,0.37722102725197815
0,1,0,0,1,1,0,1,1,1,1,1,0.4101071272549859,0.34363715271753736,0.3802944513051172
0,1,0,1,0,1,0,1,1,0,0,1,0.40855559448371986,0.3400878634260724,0.37580362257713645
0,0,1,1,1,1,0,1,0,1,0,0,0.39448851929707973,0.3265865527214699,0.36687492558648693
0,1,1,0,0,0,0,0,1,0,1,0,0.4091791555897685,0.3327415393423622,0.3703024372720752
0,1,0,1,1,1,1,0,0,1,0,0,0.40237412311774823,0.3318894853990976,0.37062000162009917
0,1,1,1,1,1,1,1,1,0,0,1,0.40996534610293894,0.34121307504697473,0.37513376101026275
0,1,1,0,0,0,0,1,1,1,0,1,0.42374234597349203,0.3452719985088943,0.3762859686509281
1,0,0,1,1,1,1,0,1,1,1,0,0.4071909200736963,0.33493292230402816,0.3705355799195042
0,1,0,0,1,1,1,1,0,0,0,1,0.4135792580739642,0.3419259671112655,0.3775292860753881
0,0,0,1,0,0,0,0,1,1,0,1,0.4172628320961408,0.3406950390284358,0.3749420716731414
0,1,1,1,1,1,0,1,0,1,1,1,0.41887849485433587,0.3453850325862707,0.3862871839337519
1,0,1,1,0,0,0,1,1,1,1,0,0.4041592258881731,0.33612017509686354,0.3763834035766642
1,1,0,1,0,1,1,1,1,0,0,1,0.41017214608988894,0.340369530506642,0.3750029217461143
0,1,0,1,0,1,1,0,1,0,1,0,0.40936445158655954,0.3346241996751539,0.3748722314259332
1,0,1,0,0,1,0,1,0,1,1,1,0.40806056775904476,0.3370818033290026,0.3656993565873896
0,1,1,0,0,1,1,1,0,0,1,1,0.4188057632679162,0.34695836615640074,0.38301585265281146
0,0,0,1,0,1,1,1,0,1,0,1,0.41984218363025183,0.344634350190789,0.38399379066916184
1,0,1,1,1,1,1,1,1,1,1,1,0.4057459679966713,0.3384181710526172,0.37170815121838435
1,0,0,1,0,0,1,0,0,0,0,0,0.39739667018847125,0.32679367265991266,0.36022065548158166
0,0,0,1,0,0,0,1,0,1,1,0,0.40889029569151014,0.33469106778690666,0.37499160212987703
0,1,1,1,0,0,1,0,1,0,1,0,0.40551626173315036,0.33046068506409376,0.3709567109270114
1,1,1,0,1,0,0,1,0,1,0,0,0.39125174722077966,0.3266803582240977,0.36482191863000785
0,1,0,0,1,0,1,1,0,1,0,1,0.41243836524599464,0.3396481333059787,0.3791061167364315
0,0,0,0,0,0,0,0,0,0,1,0,0.41064039894203674,0.33613970984848157,0.3773851763013565
1,0,0,0,1,1,1,1,0,1,1,0,0.40013154990867505,0.3278998184597775,0.3537915626651055
1,0,0,1,0,0,0,1,0,0,0,0,0.4036004267049168,0.3334331747042229,0.37445934248024637
0,0,1,1,1,0,0,1,1,1,1,0,0.39540019265555065,0.3266611505173365,0.3649443805421753
0,1,1,0,0,0,1,1,0,0,0,0,0.40843137850454264,0.3340450133392891,0.36415042932621916
0,0,1,0,1,1,1,1,1,1,1,1,0.4169018885569932,0.3471850363328675,0.3850156060310904
1,1,1,0,1,1,1,1,1,0,0,0,0.3931326462927081,0.3279467981007709,0.3597898267991976
1,0,0,0,1,0,1,1,0,0,0,0,0.40187965963159045,0.33301649121621757,0.3747557144823617
1,0,1,1,1,1,0,1,0,0,1,0,0.40214709675134414,0.33615823161062874,0.3796138474554099
1,1,0,0,1,1,0,0,0,0,0,0,0.38888135474523766,0.32481998352822167,0.36417601666249727
0,0,0,0,0,0,1,1,0,1,0,0,0.41265536890437265,0.33496955362794817,0.37191817785618553
0,0,0,0,1,0,1,0,0,1,1,0,0.4177537157313982,0.33918326617994154,0.38063333079863126
1,1,1,1,0,1,1,0,1,1,1,0,0.40074298270803943,0.3315315431465112,0.3667405784126029
0,0,1,1,1,0,0,1,0,0,0,0,0.39952831271416406,0.33098547069568396,0.37089146533107475
1,0,1,1,0,1,0,0,1,0,1,0,0.39800279031038593,0.33163069171060167,0.3737735758581825
1,1,0,0,1,0,1,0,0,1,1,0,0.4063378083640127,0.3367836456437771,0.3741043459850066
1,0,0,0,1,1,0,0,0,1,1,1,0.40484381558158933,0.3373853858907511,0.3766575450517099
1,1,1,1,1,1,0,0,0,1,0,0,0.3972391800144928,0.3345442319081506,0.37309178557069
0,0,1,0,1,0,0,1,0,0,1,0,0.4033924688930454,0.33060317677590667,0.3711010252900584
1,1,1,0,1,1,1,1,1,0,0,1,0.4106952777218001,0.3455392247057224,0.371507671782622
0,1,0,0,1,0,0,1,0,0,0,1,0.40600686261050095,0.3353524806186164,0.3718073915354899
1,1,0,0,0,1,1,1,1,1,0,1,0.42920644338240904,0.3514726804805104,0.3777438474657622
1,0,1,0,0,1,1,1,1,0,0,0,0.3928187033863661,0.32735272256904985,0.36758499501453845
1,0,0,0,0,0,0,1,0,1,0,0,0.40498014176851715,0.33363887831618644,0.37412094993008777
0,0,0,1,0,0,0,1,1,0,0,0,0.40501635871096536,0.3319767393696521,0.370891334936188
0,1,1,1,1,1,1,0,1,1,1,0,0.41025952527437576,0.3368192491381811,0.377588133621167
1,1,1,0,0,1,0,0,1,0,0,1,0.4010435716371183,0.33502159336933657,0.3735329920662262
1,1,0,0,0,1,0,0,1,0,1,1,0.40252561088149713,0.33535236300488086,0.3734869710834694
0,0,0,1,0,0,1,0,0,1,0,1,0.41756759119364956,0.34121989583157897,0.3797675674819149
0,1,0,0,0,0,0,0,1,0,1,1,0.4183782514616827,0.3471074712951757,0.3839582083885825
1,1,1,1,0,0,0,0,0,0,0,1,0.40633857534316625,0.33962118328037544,0.3810260635410031
0,0,1,0,1,0,0,1,1,1,1,1,0.4146602886491271,0.3438294106031042,0.38421185569536176
0,0,0,1,1,1,0,0,1,1,1,0,0.40564989462341206,0.3330953624013132,0.37334998393613494
1,1,0,1,1,0,0,1,1,0,0,1,0.40247070936800966,0.3359085177733351,0.3717022517642581
1,0,1,1,1,0,1,1,1,1,0,0,0.4106857141049585,0.3387515061102385,0.3777966785358506
0,1,1,0,0,0,1,0,0,0,1,0,0.4108718230570887,0.33749714841878564,0.3797453121939499
1,0,1,0,1,1,0,0,1,0,0,0,0.39262463513582574,0.32800549561465575,0.36550740050645636
0,1,0,0,1,0,1,0,1,1,0,1,0.41474177416767294,0.33926099562046763,0.38180733142391615
1,0,1,1,1,0,0,0,0,1,1,0,0.40153109550057003,0.33334971341456104,0.36984086561138185
1,1,0,0,0,1,1,0,1,0,0,0,0.4015376119707776,0.33058254487246164,0.37018604919500486
0,0,1,0,0,0,1,1,1,0,0,0,0.4078135924355618,0.3365239437283333,0.37804203149376353
0,1,0,1,0,0,0,1,1,0,0,0,0.40605278114969773,0.32932399693378656,0.3597170236928044
1,1,0,0,1,1,1,0,0,0,1,0,0.4041941675432068,0.33667436828659275,0.3760108525243099
0,0,1,1,1,0,1,0,1,0,1,1,0.4208330377598229,0.34712143805931817,0.3852366211730112
1,1,0,0,0,0,0,1,1,1,0,0,0.3916336629941693,0.32485660354774826,0.3611223816561578
0,1,1,1,0,0,1,1,0,0,1,0,0.40110399007795833,0.33069228137102147,0.37255012881211524
0,1,0,1,0,1,1,0,1,1,0,0,0.408092319335059,0.333899965346865,0.37452634586372424
1,1,0,0,0,1,0,0,0,1,0,1,0.40662607102676634,0.3387892005710404,0.37783703965257676
1,0,0,0,0,0,1,1,0,1,1,1,0.4165436825986305,0.34376293838015975,0.37165227074193
0,1,1,0,1,0,0,1,1,0,0,0,0.40050483208195276,0.3275173756758839,0.3643378877095553
1,1,0,1,1,0,1,0,1,1,0,0,0.39873657971360815,0.33246664043033547,0.3705371721068085
1,0,1,1,0,0,1,1,1,0,0,1,0.4087826233820444,0.3395974370444025,0.3666527952417165
1,1,1,1,1,1,0,1,1,1,1,0,0.4063816742796643,0.338219404171894,0.37605225223491073
0,0,0,1,1,0,0,1,0,0,0,0,0.40768152228604054,0.333184598944654,0.37189495539964
0,1,1,1,0,0,1,1,0,0,0,0,0.40341159295953566,0.33262354221703905,0.3735841388982216
1,1,1,1,0,1,1,0,0,0,1,1,0.4093925822911012,0.33876815445934594,0.36628904653368405
0,0,0,1,1,1,1,1,0,0,0,1,0.41719081743409003,0.343404734274069,0.3860443540045629
1,0,1,0,1,1,0,0,0,0,1,1,0.3986681042112317,0.3352663511481505,0.3703683174205265
1,0,0,1,0,0,0,1,0,0,0,1,0.41273178635625646,0.34378752670115176,0.38172891635064576
0,1,0,1,0,0,1,1,1,1,0,0,0.40517013812448244,0.3285339134713431,0.36358187090554317
0,1,1,0,1,1,0,1,0,1,1,1,0.4183728285282413,0.34371501589955417,0.3816877468477119
0,0,1,1,0,0,1,1,0,0,0,0,0.41178403284513965,0.33717191636675514,0.3781932955931657
0,0,0,0,1,1,0,1,1,1,1,1,0.416505550835047,0.340957856297333,0.37690063717829175
0,1,0,1,1,0,1,0,1,0,1,1,0.40651026689566133,0.3379270814100622,0.3789973179401165
1,0,0,0,1,1,0,1,1,1,1,0,0.40331946108731076,0.3329277778629617,0.3707190562107096
0,0,0,1,1,0,1,0,0,1,0,1,0.42035923711624695,0.34324953710005746,0.382106595745843
1,1,1,0,0,1,1,1,0,1,1,0,0.4033662153397064,0.33338536978438615,0.36330943100816515
1,1,1,1,0,1,1,1,0,1,0,1,0.4120423165644595,0.3423603409436549,0.3721720016861551
1,0,0,0,0,1,0,1,0,0,0,0,0.4016592248663158,0.33312672400005644,0.375611462064861
1,1,1,0,0,1,0,1,1,0,0,0,0.3916819854209877,0.3270013819867287,0.3664458571545423
0,0,0,0,1,0,1,0,1,1,0,0,0.404313455244952,0.32919453919784414,0.3687223922544002
1,0,1,1,1,0,0,0,1,0,0,0,0.39187802093954427,0.328924280920739,0.3702427365355537
1,1,0,0,1,0,1,1,0,0,0,1,0.4079247062463692,0.340070871906271,0.37621868374940526
1,1,0,0,1,1,0,1,0,0,1,1,0.3987281715001518,0.33159829041815686,0.3657244393397267
0,0,1,0,1,1,1,0,0,0,0,1,0.41742161007636824,0.34520026493559347,0.38618985276128603
0,0,1,0,1,0,1,1,1,0,0,1,0.41619924944165176,0.3404509230936903,0.3698923901825611
0,1,1,0,1,0,1,1,1,1,0,1,0.4195744800250761,0.3444762814586663,0.38306394210586037
0,0,1,1,0,0,0,0,1,0,1,0,0.4000806592378207,0.3267685084078284,0.3634786129044
0,1,0,0,0,1,1,0,0,0,1,1,0.4145906432611758,0.33957635068172565,0.3696955852508744
1,0,1,0,1,1,1,0,0,1,1,0,0.40335236633903454,0.3317061060686637,0.36293905974074697
0,1,0,0,0,0,0,0,0,0,0,1,0.40989676923619667,0.33726652754468167,0.3756517900551006
1,0,0,1,0,1,1,1,1,0,1,1,0.41495243194244924,0.3452376674016269,0.3853507599184685
0,0,0,0,0,1,1,0,1,0,0,1,0.42310881163768443,0.3474826903883835,0.38480203241786043
0,0,1,1,0,1,1,0,0,0,1,0,0.40463465189427267,0.334748781568893,0.3749539522120798
0,1,1,1,1,0,0,1,1,1,1,0,0.4093772417897046,0.3347887946624009,0.3775013773005668
1,0,0,1,0,1,0,1,0,1,0,1,0.4103300441411574,0.3412311512582119,0.3795120493036382
1,0,0,1,1,0,1,1,1,0,0,1,0.4063377498167561,0.3395068043175379,0.3765710007169071
0,0,0,1,0,1,0,0,1,0,1,1,0.4175316936246709,0.3430977812022932,0.3779720344582769
0,1,1,0,1,0,0,1,0,1,1,1,0.41932231188517927,0.34619636245311913,0.3890541929004685
0,0,0,1,1,0,0,1,1,1,0,1,0.41536724834597477,0.3385661813769869,0.38069394956453806
0,0,0,0,0,1,0,0,0,1,0,1,0.4191087073299384,0.3448908703669547,0.3865530575575842
1,0,1,1,1,1,1,1,1,0,0,1,0.4066786318349364,0.34136838534369457,0.36830254188353945
1,0,0,0,0,1,1,1,1,1,0,0,0.40106923383264426,0.3300273867051677,0.3703204888687007
0,0,1,0,0,0,1,1,0,1,0,1,0.417544463619583,0.3421257281096902,0.3683696894575864
0,0,0,1,1,1,1,0,0,0,1,0,0.4088452238087338,0.3351608763797883,0.37643971450715147
0,1,1,0,1,1,0,1,0,0,0,1,0.4165296149124934,0.34601548821563266,0.384109882142487
1,1,1,0,1,1,0,1,0,0,1,0,0.3850106343187428,0.3236465794808191,0.3617442940826886
0,1,0,0,1,1,0,0,1,1,0,1,0.40725942540332294,0.33756152846346105,0.3789820404146035
1,0,1,0,1,1,1,0,1,0,1,0,0.40482749924172406,0.3334098917508961,0.36111860901164755
1,0,1,0,1,0,1,0,0,0,1,0,0.4004557010086157,0.3344114693256776,0.36732870645775173
1,0,1,0,1,0,0,0,1,0,1,1,0.4011208991012583,0.3358218773528985,0.36907286126330596
0,0,0,0,1,1,1,1,1,1,1,0,0.41726185658407466,0.33570226538795533,0.3749977359407587
1,0,1,1,0,1,0,0,1,0,1,1,0.4015129230709577,0.33623862282122696,0.3770280186142597
1,1,1,0,1,1,0,0,1,0,1,1,0.38971646281512995,0.32820317220956985,0.3658610988226523
1,0,0,0,0,0,1,1,1,0,1,0,0.4056574417225993,0.33194241074986663,0.36160959284722566
0,1,1,1,1,0,0,1,0,0,0,1,0.41240229511107296,0.3427865932740309,0.38377236398888387
0,1,0,0,1,0,0,1,1,1,0,1,0.4037883736068464,0.3372248357736925,0.3677070373050265
0,1,1,0,1,0,0,0,0,0,0,1,0.4113440918658945,0.3437231029436641,0.3835766306654071
1,0,0,1,1,1,0,1,1,1,1,0,0.3990084570944266,0.328331934934945,0.3658345713519634
0,1,0,1,1,0,0,1,0,0,0,1,0.4129124934487305,0.34379816259509,0.379777227638657
1,0,0,1,1,0,1,0,0,0,1,0,0.4090477456434491,0.3377890901925335,0.3805846992058433
0,0,0,0,1,1,1,1,1,1,0,0,0.40782149465575424,0.329108769006404,0.36775180994337997
0,0,0,1,1,0,1,0,0,1,1,1,0.42483184745148134,0.34746005432148064,0.38694298413298067
1,0,1,1,1,1,0,1,0,0,0,0,0.394814314788533,0.3309571518016051,0.37292936936774695
0,1,1,0,0,1,1,0,0,1,0,0,0.4154334321444411,0.3370500165243666,0.37377567993422434
1,0,0,0,1,1,0,0,1,1,1,0,0.3903878442747005,0.32201657645362936,0.36085971895235514
1,0,1,0,0,1,0,1,1,0,1,1,0.39815621562803577,0.33425111937066954,0.3607247831502969
1,1,1,1,0,1,1,0,0,1,1,1,0.4138943702372054,0.3431520595315506,0.3717176984993643
0,1,1,0,0,0,1,0,1,0,1,1,0.41472862000045485,0.3408252542243464,0.37054743965979303
0,1,0,1,1,1,0,0,0,1,0,0,0.39517372613357143,0.32648882638473187,0.36454664839321627
1,0,1,1,0,0,1,1,1,1,1,0,0.4162648459022842,0.3439383559194138,0.36979234769640545
1,0,0,1,0,1,1,1,0,0,0,1,0.4106496149522185,0.34086146564469794,0.38085587511936186
1,1,0,1,1,1,1,1,1,0,1,1,0.4052804884434713,0.3354135931256445,0.35951727681633816
1,1,1,0,1,0,0,0,0,1,1,0,0.3952169823029399,0.3293858394967635,0.3682910505312932
1,1,1,0,0,1,1,1,1,0,1,0,0.3983926090232049,0.3301746373552691,0.35824844808437006
0,0,0,0,0,0,1,0,0,0,1,0,0.40974035975721507,0.3344209110989108,0.37545637670174087
1,1,0,0,1,0,0,1,1,0,0,0,0.395249480886042,0.3284795036912568,0.3665686197052529
1,0,0,0,1,1,1,0,1,1,0,1,0.40946040339545564,0.3392355276213097,0.36941018812485626
0,0,0,0,0,0,1,1,0,0,0,1,0.41852031182417954,0.34072699254017,0.3761292039447435
0,1,0,0,1,0,1,1,1,0,0,1,0.4128324561467112,0.33880049404693563,0.3753894815266904
1,1,0,0,0,0,0,0,1,0,1,1,0.4107618859626984,0.33840855728521235,0.3673301400590503
0,0,0,1,1,1,1,1,1,0,0,0,0.40914664271168477,0.33581157170919007,0.37666643953698775
1,0,1,1,0,0,1,1,0,1,0,1,0.4182790456120466,0.34563512609942576,0.3729375073188615
1,1,1,1,1,1,1,1,0,1,0,0,0.39944201592781825,0.3352532660285598,0.37389786201458963
0,0,0,1,0,0,0,0,0,1,0,1,0.4195096186635191,0.3419578881773159,0.3829440244140835
1,0,1,1,0,0,1,1,1,1,1,1,0.421104527954127,0.3484584404933423,0.3751681109652225
1,1,0,0,1,1,1,1,1,0,1,1,0.4048143973468745,0.33417278748796936,0.36562392297375523
0,1,0,0,1,0,1,0,0,0,0,1,0.4065431318499068,0.3348870015554242,0.3763153726477485
1,0,0,0,0,0,0,0,1,1,1,0,0.39607931161752413,0.3260006664104306,0.3651896769462423
1,1,1,1,0,0,0,1,0,1,0,0,0.39515212599367705,0.32905739298588044,0.36636082003517834
1,1,1,1,0,0,1,0,0,1,0,0,0.40429651343217093,0.33334486900528637,0.3682054914047652
1,0,1,0,0,0,1,1,0,0,0,0,0.3999708555620662,0.33054322555649274,0.37068121257676795
1,0,1,0,0,0,1,1,1,0,0,0,0.40436295007135353,0.33084646694358105,0.37127387559222863
1,0,1,0,0,0,0,0,0,1,0,1,0.406031875243421,0.33892721753755567,0.37611591371748276
0,0,1,0,1,0,1,1,0,0,1,0,0.41511201445474,0.33697782529773745,0.3659577544702939
0,1,1,1,1,1,1,1,0,0,0,1,0.41588689381913935,0.34539843299393225,0.3825260902032558
0,0,1,0,0,0,1,0,0,1,1,0,0.40522226381525617,0.33572168973049415,0.3751940642684446
0,1,1,1,0,1,0,0,1,1,1,1,0.42178161044820855,0.34219586973882365,0.38030298066728097
0,1,0,0,0,1,0,0,0,1,0,0,0.4056894707637765,0.334812705233548,0.3752508719788052
0,1,0,1,0,0,1,1,1,0,0,1,0.4139295599874159,0.34158084290089985,0.37330861919627173
0,1,1,1,0,0,1,0,1,1,1,0,0.4159960297736601,0.3388871434744595,0.38115692216304853
0,0,0,0,1,0,0,0,0,1,1,1,0.4090881868083187,0.3374061279051448,0.37968855421419645
0,1,1,1,1,0,1,0,0,1,0,0,0.4105313933515062,0.33277625117820764,0.3730866539874327
0,1,1,0,1,1,0,1,1,0,0,1,0.4174268417411105,0.3437840908822797,0.38384458222530354
1,1,0,0,0,1,0,1,1,0,0,0,0.38801265161995613,0.3241813355189107,0.3643536509314302
1,1,0,0,1,0,1,1,1,0,1,0,0.4041838470314844,0.33195177565713707,0.37098912667205824
0,0,0,1,1,0,0,0,1,0,0,0,0.39950151901046704,0.32955205772416674,0.370155289960423
0,1,0,1,0,1,0,1,0,0,1,0,0.40749440368666334,0.3358362627868942,0.3776701429119084
0,1,0,1,0,1,0,0,1,0,1,0,0.4070631556790344,0.33475614515532615,0.37571683012352985
1,0,0,1,0,0,1,1,0,1,1,0,0.41223086841866935,0.33643982808924583,0.367239263353561
0,0,1,0,0,0,0,0,1,0,0,0,0.3979096282660279,0.326944709759874,0.3639968722861143
0,0,0,0,0,1,1,0,1,1,1,1,0.4226951848678127,0.34500440517751774,0.38188017336342445
1,1,0,1,1,1,1,0,1,0,0,0,0.39353089395160007,0.3274807932426952,0.35825864804973967
0,0,0,1,1,1,0,0,0,0,1,1,0.41806825372975565,0.3463603460713683,0.38789207794006436
0,1,1,1,1,1,0,1,1,0,1,0,0.4038212711567356,0.3328346907216285,0.37272592501382046
1,0,0,0,1,1,0,1,0,0,1,0,0.4075669837633295,0.33423815948596836,0.3739994112649684
0,1,1,0,0,0,0,0,0,0,1,0,0.40530910088861816,0.3343471920695465,0.37456578873975
1,1,1,0,0,0,1,1,0,0,1,1,0.41170226507856666,0.3419581227839202,0.3782927930375043
1,1,1,1,0,1,1,1,0,1,0,0,0.40414260843934924,0.33522993924112704,0.3651879753277178
1,0,1,0,1,0,1,1,1,1,0,1,0.40843987392341874,0.33825077053541247,0.36776863870050763
1,0,0,1,0,1,0,1,0,1,1,0,0.4107451116961785,0.33768622540277987,0.3797485686639713
0,1,0,1,0,0,1,1,0,0,0,0,0.4074879223667761,0.3324161166615743,0.3695427576942447
1,1,0,1,0,0,0,1,0,0,1,0,0.4057913643772518,0.3348720920806282,0.3765487551355913
1,1,0,1,0,0,0,0,0,0,0,0,0.39180762472856034,0.32614258323027734,0.36557897371017706
0,0,1,0,0,1,1,1,1,1,1,1,0.41184986666783535,0.3427582231836449,0.38035803878852376
1,1,1,0,1,0,0,0,0,1,0,1,0.40323884719384306,0.33773331602151013,0.3779752594415377
0,1,0,0,0,0,0,1,0,1,0,1,0.4189102210956633,0.3446881184556607,0.3842211459078782
0,0,1,0,1,0,1,0,0,1,1,0,0.4112083539954753,0.3357008329255986,0.3675973232669142
0,0,1,0,1,1,0,0,1,0,0,0,0.3958997146283688,0.3280080368631544,0.36720008283517175
1,1,0,1,1,1,0,1,1,1,1,0,0.4019164327150219,0.33434753330698597,0.37152025344748474
0,0,0,1,1,1,1,0,1,1,0,1,0.4080555576644654,0.33416995702382046,0.3754090073418819
0,0,1,1,1,0,0,1,1,0,0,1,0.40350276639386223,0.33663449289564384,0.3705164614082754
0,1,0,1,1,1,0,1,1,0,0,0,0.39598071961347064,0.3246549279114671,0.36327315535604127
0,1,0,0,0,1,1,1,0,0,1,0,0.40320319456976844,0.33100555819664634,0.3679730138535711
1,0,1,1,1,0,1,0,1,0,1,1,0.4090466587238963,0.3415711657942029,0.36534704612265784
1,0,1,0,0,1,0,1,1,1,1,0,0.40459689017427125,0.33500603173965027,0.3673000507764888
0,1,0,0,0,0,1,0,0,0,1,1,0.42344521376534966,0.3466796226752609,0.3852428528047794
0,1,1,1,0,1,0,0,1,0,1,1,0.4138142508746288,0.3393158094127804,0.3784687470401782
1,1,1,0,1,0,1,0,1,1,1,0,0.3975807867042207,0.32853537042066494,0.36731784961261343
1,1,0,1,0,1,1,1,0,1,1,1,0.4157428707724713,0.3438853009610533,0.3821018991020034
1,0,0,1,0,0,1,1,1,0,0,0,0.39976162162303797,0.32825668056858176,0.35903637551451967
0,1,1,0,0,0,0,1,1,0,1,0,0.41704631215163235,0.3375267077124834,0.36945743162563904
0,0,0,0,1,1,1,0,1,0,0,0,0.4080866872749384,0.3323367220183008,0.375783615962824
1,0,0,1,0,0,0,1,0,0,1,1,0.4148292389385907,0.34281479960342126,0.38247609188924536
1,0,0,1,1,0,0,0,0,0,0,1,0.4052964906019964,0.33789706877902004,0.3788894658949269
0,1,1,0,0,1,1,0,1,1,1,0,0.41684631002213124,0.33727312285377287,0.3693165445057842
0,1,1,1,0,0,0,1,1,0,0,0,0.4116471021264387,0.33423704321408404,0.37401024684155737
0,1,1,0,0,0,0,0,0,0,1,1,0.41780959869526735,0.3463344065654434,0.3868866674581173
1,1,0,0,1,1,0,1,1,0,0,0,0.39199104833083376,0.326777692524464,0.3653530400619063
1,1,0,1,0,1,1,1,0,0,1,0,0.40741910308856705,0.3350716369633213,0.3753367068494204
0,0,1,1,0,0,1,0,1,0,1,0,0.40443286582581667,0.3337457733739587,0.373591557944558
1,1,0,1,1,0,0,1,0,1,1,1,0.41335589797655736,0.3446081960528442,0.3795319117451381
1,0,1,1,1,1,0,0,1,0,1,0,0.3954039400970759,0.3313309601012568,0.37078465887494294
1,0,0,0,0,0,0,0,1,1,1,1,0.40043401711166404,0.33418927270505094,0.3725933477171193
0,0,0,1,0,1,1,1,1,0,0,1,0.41440488957028354,0.34059352861677494,0.3770248257717195
1,0,1,1,1,1,1,1,0,0,1,0,0.4053610606753092,0.33458977739548434,0.3684217416577227
1,0,0,1,0,1,0,0,0,1,0,1,0.40741473362525626,0.3373379208664734,0.37993690977805
1,1,0,0,1,1,1,1,0,1,1,0,0.40237129452927684,0.33098713005348135,0.36753806407470446
1,1,1,1,0,0,1,0,1,1,1,1,0.4171750895995796,0.3428702539244369,0.3723682742209111
1,1,1,1,0,1,0,1,0,1,0,0,0.3978799970043783,0.3333606216878243,0.37484846160830104
0,1,1,1,0,0,0,1,0,1,0,0,0.40711860954809653,0.3344220863994396,0.3752409457483036
0,0,1,0,0,1,1,1,0,0,0,0,0.4009464764729326,0.33304373284985495,0.37114015569471415
1,0,0,1,0,0,0,0,0,0,0,0,0.4008770015802776,0.3321182820681989,0.37419445178030475
0,1,1,1,1,1,0,1,0,1,1,0,0.41207020049269677,0.3394034724512489,0.3811622776500488
0,0,0,1,1,1,0,0,1,0,1,1,0.4170487642205583,0.3430570869410252,0.38294466416245043
1,0,1,1,1,1,0,0,1,1,0,0,0.3968149886246198,0.3303090439810247,0.3664392806732718
1,1,1,1,1,0,0,1,0,0,0,0,0.3963807947150842,0.33049112900915056,0.374211124987634
0,0,1,0,0,1,0,0,1,0,0,0,0.39579965305884,0.32718451325301434,0.36764323523017095
1,1,0,1,1,1,0,0,0,1,0,1,0.4168922329891532,0.3481512825426113,0.38815445184655634
0,0,1,0,1,1,1,0,1,1,0,1,0.40778381134620834,0.33877663948052605,0.37772898208502836
0,1,0,0,0,0,1,0,0,1,0,0,0.41317565236751375,0.3359474157700761,0.37449558894407187
1,0,0,1,0,1,1,0,0,0,0,0,0.3974124226142182,0.33021005775112544,0.37233471993517886
1,0,0,0,0,1,0,0,0,1,1,1,0.41351499822322696,0.343347459941967,0.38373874706464156
0,1,0,1,0,1,1,0,0,1,0,1,0.41763206518718365,0.3420865942107638,0.38351733095686896
0,0,0,1,1,0,1,1,0,0,1,1,0.41725720189773713,0.34391112818038955,0.38416679802769166
1,1,1,1,0,0,0,1,0,1,0,1,0.4101431331103621,0.34264786635360117,0.3796061614990756
1,0,0,1,0,1,1,0,1,1,0,1,0.42083916049441145,0.3476821990075346,0.39013032348063914
1,1,1,0,0,0,0,0,1,1,0,0,0.38759810307772724,0.32455429804939273,0.36287300956432533
0,0,1,1,0,1,0,0,0,1,0,1,0.4188750074911073,0.3427944340534818,0.3848804987180281
1,0,1,1,1,1,1,0,0,0,0,0,0.4002268254813684,0.33243421821480645,0.3657117534021558
0,0,1,1,1,1,0,0,0,1,0,0,0.4038139475690507,0.3349862295407401,0.37513260402695253
0,0,0,1,1,1,0,1,1,0,1,1,0.41364230388325,0.340698637054749,0.37690362958632473
1,0,1,0,1,1,1,1,0,1,1,1,0.4070056568062569,0.3335746830167043,0.35939830346480506
0,1,0,0,0,0,0,0,1,0,0,0,0.39743843117040384,0.32683209662062984,0.36418789740596974
0,0,1,0,1,1,1,1,1,1,1,0,0.40844659670805095,0.33670230998956185,0.3776223654375226
1,1,1,0,0,0,0,0,1,1,1,0,0.39109104599265365,0.3252800812873718,0.3642743932388615
1,0,1,0,0,1,0,0,1,0,1,0,0.3976069511057546,0.33045704367401507,0.362307752035655
0,1,1,1,1,1,1,0,0,0,1,0,0.41145682774090864,0.3388512401899324,0.37862194500284113
1,1,0,0,0,0,0,1,1,1,0,1,0.4012483586653264,0.3382660919035626,0.3715099628589664
0,1,1,0,1,1,0,1,0,0,1,1,0.41333628864848615,0.3429235362959107,0.38127320729137565
0,1,0,0,1,0,1,0,1,0,0,0,0.4076256765119892,0.32944694089043025,0.3671502533362449
1,1,1,1,0,0,0,1,1,1,1,1,0.41991890475764004,0.34535700544931525,0.3865093184458799
0,1,0,1,1,1,0,0,0,1,1,1,0.41534809819394125,0.3376784417588194,0.38370647127776936
0,0,1,0,1,1,1,0,1,1,1,0,0.40196742118569606,0.3333416681978146,0.36986802989395146
0,0,0,0,1,1,0,1,1,1,1,0,0.40933142450368426,0.3317700050391327,0.3729163435659564
1,0,0,1,1,0,0,1,0,0,0,0,0.39536957319373295,0.32946619129449667,0.367525885629956
0,1,0,0,0,1,1,1,0,0,0,1,0.41350625289383613,0.3428939052257835,0.38146744966928436
0,1,1,0,1,1,1,1,1,0,0,1,0.41909921182267745,0.34783641833136675,0.38534729360816006
0,0,1,0,1,0,0,0,1,1,0,1,0.4141621536436725,0.3362686238552208,0.3750013665265145
1,0,0,1,1,0,1,1,0,1,0,0,0.4075684767811041,0.33686529935688764,0.37745185729683306
1,1,0,1,0,1,1,1,1,1,1,0,0.40988281896682405,0.3358388341077185,0.3757024969256541
0,0,0,0,0,0,0,1,1,0,1,1,0.42370489277181733,0.3449105164128437,0.38460609529268047
1,1,1,1,1,0,1,0,1,0,0,1,0.411636476636532,0.3394121949096247,0.3722678023628223
0,0,1,1,1,0,1,0,1,1,1,1,0.4162767762535232,0.34446766479694746,0.3842110955626292
1,0,0,1,0,0,0,1,0,1,0,1,0.4180607503455508,0.3493752482358099,0.389052399788803
0,0,0,0,0,1,0,1,1,1,1,1,0.4204589691027235,0.3468038033167102,0.389342452975709
0,0,1,1,1,0,1,0,0,1,0,1,0.4184771632186085,0.3424496111294124,0.38437796067690083
1,1,0,1,0,0,1,1,0,1,1,1,0.4217994447059327,0.3482113949761081,0.38313653298638767
0,1,0,0,1,1,1,1,0,1,1,1,0.4209748147664588,0.3449534563325935,0.3846782602552895
0,0,0,0,1,1,1,1,1,0,1,0,0.4130931681066677,0.3336614185620686,0.37350312018956994
0,0,0,1,0,0,1,1,0,1,0,0,0.40727771342759383,0.3292737361438236,0.3694027311949722
1,1,1,1,0,1,0,1,1,0,0,0,0.39583745157401024,0.3288288293389118,0.37189270008812914
0,1,1,1,1,0,1,1,0,0,0,0,0.40356989749074246,0.3316795085638141,0.37342637819979024
0,0,1,1,0,0,0,1,0,1,0,0,0.40217973640557547,0.3269313594541769,0.3637043650762869
1,1,0,0,0,1,1,0,0,1,0,0,0.4096221995849999,0.33785741301116295,0.37909032869381093
1,0,1,1,1,0,1,1,1,1,0,1,0.41626171267808953,0.34727065046524486,0.383429127635954
1,0,0,0,0,0,1,0,1,0,1,1,0.4129653519212749,0.341487971838711,0.3799048566114206
1,1,0,0,0,0,0,0,1,1,1,1,0.40551891132856355,0.3396576738323413,0.37259877943592645
1,0,1,0,0,1,0,1,1,1,0,1,0.4000364704374505,0.3352571909599027,0.35942794500437225
1,1,1,0,1,0,0,1,0,0,1,0,0.38812301305196795,0.3252294347251521,0.36340619986856076
0,1,0,0,1,1,0,0,1,1,1,0,0.40300557510151924,0.3336824860378247,0.3734815804517381
1,1,0,0,0,0,0,1,1,0,0,0,0.39123589527668945,0.3259062701494239,0.36374410636957877
1,1,0,1,1,1,0,0,1,0,0,1,0.4124773568536158,0.34411672372483176,0.38238553648968654
0,0,0,1,0,1,0,1,0,0,1,0,0.4070485305653282,0.33281646073511134,0.37482461120616667
1,0,0,1,0,0,0,0,0,0,1,0,0.4050117389377373,0.33482561381310366,0.3770073620773088
0,1,0,1,0,1,0,1,1,1,0,1,0.41228186803387074,0.341198134665186,0.3800970068787367
1,0,1,1,0,1,1,1,1,0,1,1,0.4071825973226806,0.33663304377572817,0.3742897209942236
1,1,0,1,1,0,0,0,0,0,0,0,0.39043790184771393,0.326010384301593,0.3650391333957064
0,1,1,1,0,0,1,0,1,1,1,1,0.42555970900332296,0.3477174013208446,0.3897496292052589
1,1,1,0,1,0,0,0,1,1,1,1,0.3953813249641307,0.3298889597396798,0.3682672184308709
0,0,1,1,0,1,0,1,0,0,1,1,0.4125239510830933,0.3404531600057038,0.38241588843377905
1,1,1,1,1,0,1,1,0,0,1,0,0.39564590651138204,0.32799914173725014,0.35939717151247486
0,0,0,0,1,0,0,1,1,1,1,0,0.4073768463197336,0.33463857907869715,0.3799658721803679
1,1,1,0,0,1,0,0,0,1,0,0,0.3897859677055647,0.3267450328112166,0.3643699311880813
1,1,1,0,0,0,1,0,0,0,1,0,0.40191024992129265,0.3342131573456743,0.3725881021904659
1,1,0,1,1,1,0,1,0,0,0,1,0.4083470454068834,0.34227185021026896,0.3797204172552859
1,1,0,0,0,0,1,1,1,0,1,0,0.408049894171204,0.3349650518444964,0.361497070183297
1,1,0,1,1,0,0,1,1,0,0,0,0.39061129211635587,0.3245930627025358,0.36186929287808656
0,0,1,0,1,0,1,0,0,0,1,1,0.4180420494095179,0.3456356250054557,0.3748131610629706
0,0,0,1,0,0,0,1,0,0,0,0,0.40528300829326047,0.332150975403852,0.37139546636739823
0,1,0,0,0,0,1,1,0,1,0,0,0.4088794804563435,0.3340000657356418,0.37019668302789255
0,0,1,0,1,0,1,1,0,1,1,0,0.41490850827486914,0.3352852418688582,0.36475797118354153
0,1,1,0,1,0,0,0,0,1,0,0,0.40888318291508885,0.3357958754874269,0.37993380016696043
1,0,0,0,1,1,1,0,1,0,0,1,0.40544989012355387,0.336279754223949,0.3642857658655417
0,0,0,1,1,0,1,1,0,1,1,1,0.41592752335035676,0.3428282451240458,0.3819535931318178
0,0,0,0,1,0,0,1,0,0,1,0,0.4080593783638784,0.3349653425801618,0.37780244867021
1,0,1,1,1,0,1,1,1,0,1,0,0.4081306363950673,0.339093861812303,0.3780764682327439
0,0,1,1,0,0,0,0,1,0,0,0,0.39736133860145806,0.32514298699998895,0.36153465895950354
0,1,1,0,0,0,1,1,1,0,0,1,0.4159552392817718,0.34070619365575233,0.36595064193823207
0,0,1,0,1,0,0,1,0,1,1,0,0.40991726232515274,0.3374719899415978,0.3782566640438545
0,0,0,1,0,0,0,1,0,0,0,1,0.41498059866847314,0.34265119934373367,0.38004388728581645
1,0,1,1,0,1,1,0,0,1,0,1,0.41252085517942966,0.3418953140642264,0.37468765687259936
0,0,1,0,1,1,1,1,0,1,0,1,0.4162519735223228,0.3431268116403902,0.38184283469284674
0,1,1,0,1,1,0,1,1,0,1,1,0.4178726679484097,0.3441157292608362,0.38452302773231617
1,1,1,1,0,0,1,1,1,1,0,0,0.4011736693685305,0.32948761798666465,0.36219135047823886
1,0,1,1,0,0,1,1,1,0,1,0,0.4023571354018151,0.3341373742818875,0.3594753622422739
0,1,0,0,1,1,1,0,1,0,1,0,0.4025794810616456,0.32933360301838177,0.37081365055494003
1,1,1,0,1,1,0,1,1,0,1,1,0.3961211719435652,0.33578314239620066,0.3705094529387098
0,0,0,0,0,1,0,1,1,0,1,1,0.4190211586592877,0.347306447750189,0.3849499026495811
0,1,0,1,0,1,0,1,1,0,1,0,0.4064228677423718,0.3343858991982845,0.3757712227255162
0,0,1,1,1,1,0,1,0,1,0,1,0.41923973919547036,0.35079062844394915,0.3922330114709603
0,1,1,1,0,1,1,0,0,0,1,1,0.41970767473339526,0.34731757276003605,0.38788035457181785
1,1,0,0,1,0,0,0,1,0,0,1,0.39405057205252575,0.32815981059694027,0.36223881226759175
1,1,1,0,0,0,0,0,1,0,1,1,0.4060987668009214,0.33593095520944033,0.375721468197121
1,0,0,0,0,0,0,0,0,1,0,1,0.4091295552514292,0.3388069770872031,0.3794840396512017
0,1,1,0,0,1,0,0,1,1,1,0,0.41346468632293565,0.3363681228110798,0.3773989452994551
0,1,0,0,0,1,0,0,0,1,1,1,0.4187934363135547,0.3440789217950333,0.3851147874981936
1,1,0,1,1,0,1,0,1,0,0,1,0.4036464991582325,0.3361431283809137,0.37621152741655617
0,0,0,1,1,1,0,1,1,0,0,0,0.40566719034759124,0.33287344862540824,0.3740378836419868
0,0,0,0,0,1,0,0,0,1,1,0,0.41268906856365195,0.3396609484203357,0.3803439078571647
1,0,1,1,1,0,1,1,0,1,0,1,0.40853577723293233,0.34091099487152593,0.37799043382889064
0,1,1,1,0,1,1,0,1,1,0,0,0.40549823499139137,0.3319118155804109,0.3710517202676972
0,0,1,1,0,0,0,1,1,1,1,0,0.40644397235771274,0.3317402843581879,0.3712687663502773
1,0,0,1,0,0,1,1,0,0,1,1,0.41091044747948585,0.3404529067461909,0.36940041013983693
1,1,1,0,0,1,1,0,1,1,1,1,0.4096052536650725,0.341743272998776,0.3852008661222984
1,0,1,1,1,1,1,0,1,0,0,0,0.4003657792725039,0.3313766267481767,0.36485000419369046
1,1,0,0,1,1,0,0,1,0,0,0,0.38935221391317015,0.32441933479747714,0.3613093129837722
1,1,0,0,0,1,1,0,1,0,1,1,0.4073269233560719,0.33761212362477194,0.3778654858094113
0,0,0,1,1,1,0,0,1,1,0,1,0.4163149844609368,0.33805699679851425,0.38025915112300585
1,0,0,0,1,0,1,1,1,0,1,1,0.3970637609321567,0.3302282001525479,0.36679356184125905
1,1,0,0,0,1,1,0,1,1,0,0,0.4032261063510125,0.3309645352508068,0.37012400597951894
1,1,0,1,0,1,0,1,1,0,1,0,0.40617667768640536,0.3336811036997639,0.3735238619387056
0,0,0,1,0,0,0,0,0,0,1,0,0.41166626499679265,0.33589978533972137,0.37716946407830976
0,1,0,1,1,1,0,1,1,0,1,0,0.39312397016624184,0.32210250681700486,0.3608799598385661
1,0,1,0,1,0,1,0,0,0,0,1,0.4009601721407129,0.3372173658270632,0.3704267712955541
0,0,1,1,1,1,1,0,1,1,0,0,0.40220032606629014,0.33303083383288423,0.36810757579225234
1,0,0,0,1,1,1,1,0,0,0,1,0.40610028635417245,0.33849379520293615,0.36215043546057973
0,0,0,1,1,1,0,0,1,0,0,0,0.40911580092550254,0.33263580217159483,0.3728637140427852
0,0,0,1,0,1,1,0,1,1,0,0,0.40648918231775416,0.3330510428089387,0.3724274753229137
1,1,0,0,0,0,1,0,1,0,0,0,0.40563084597575305,0.3330333983958226,0.3715423677638686
1,1,0,0,1,1,0,1,0,1,1,0,0.3981029957097712,0.331222932316399,0.367173548752417
0,0,1,0,0,1,1,0,0,1,1,0,0.409292948686268,0.337805887894243,0.37811440895135623
0,1,1,1,0,0,0,0,1,1,1,1,0.4194894225904304,0.3413056021979163,0.3803771829976152
1,0,1,0,0,1,0,0,0,0,0,0,0.3973735919670883,0.32945601069904806,0.36097382290637453
1,1,0,0,1,0,0,0,0,0,0,1,0.397824740530769,0.33196538287305566,0.35701451804126305
0,1,1,0,1,1,1,0,1,1,0,0,0.4031529880857532,0.32983446376397696,0.3709952668037491
0,1,0,1,1,0,0,1,0,1,0,0,0.4057482952866437,0.3309157674091102,0.373425463513103
0,1,1,1,1,0,0,1,0,0,0,0,0.40591058655236545,0.33272513850210583,0.37381270930562926
1,1,1,0,0,0,0,1,0,1,0,1,0.4130860485783039,0.3433902898538824,0.382054323711658
1,1,1,0,1,1,0,0,0,0,0,0,0.3833061456965979,0.3214859169501316,0.35919656708943365
0,1,1,1,1,1,1,0,1,0,0,1,0.41362601010763883,0.34088354216856753,0.3803163469248777
0,1,0,1,1,1,1,1,0,0,1,1,0.40419281820763925,0.33575406876993263,0.36164849589483705
1,0,1,1,1,0,1,0,1,1,0,0,0.40312856275523384,0.3334294322441447,0.36894296824597866
0,0,1,1,0,1,0,0,1,0,1,0,0.39611578923542373,0.32952976767241365,0.3685606289212768
0,0,0,1,1,1,1,1,1,1,0,1,0.41248499439586794,0.3389981384790497,0.3819358127937916
1,0,1,0,0,0,0,0,1,0,0,0,0.38715055282055133,0.3235538410688289,0.3633624596332479
1,1,1,1,1,0,1,1,0,0,0,0,0.3979961884026823,0.3302993545482892,0.36426940294072363
0,1,0,0,1,1,1,1,1,0,0,0,0.40743380117362143,0.32875212211848914,0.3664781817027825
0,0,0,0,0,1,1,1,1,1,1,1,0.41753264260878836,0.3442352648500152,0.37990217843259166
0,1,0,0,0,1,1,1,0,1,0,1,0.4105962024705483,0.33952480492226467,0.3768462029573442
0,1,0,0,0,1,1,1,0,0,0,0,0.40089341185952115,0.32956402902385235,0.36676544462453337
0,0,1,1,1,1,0,0,1,0,1,1,0.41394244669074487,0.3427397507113009,0.38572621997262074
0,1,0,1,0,0,0,1,0,0,1,1,0.41590203096934525,0.34279242614495586,0.37952576261496
0,0,1,1,0,1,1,0,0,0,0,0,0.4034948772937551,0.33404393095877033,0.3742698577776225
1,0,0,1,0,1,1,1,0,1,0,1,0.41718629256359446,0.3454034727992373,0.38507705537711356
0,1,0,0,1,1,1,0,0,0,0,0,0.4078957727766314,0.3294128914098201,0.3697665465231796
1,1,0,0,1,0,0,1,0,0,1,0,0.3927539031747528,0.3266629381579279,0.36166673649309344
1,1,0,1,0,1,1,1,1,0,1,1,0.4130997212174367,0.3405810112537532,0.37923902848294233
1,0,0,0,0,1,1,0,0,1,1,1,0.4193813188673135,0.34539258081798885,0.38630205726078987
0,1,0,0,0,1,0,1,0,1,0,1,0.41500552821648046,0.3397983974246582,0.3771673770502297
1,1,1,1,1,1,0,1,0,0,1,0,0.3887343952583901,0.32315585840686006,0.3613334357621024
1,0,0,0,1,1,1,0,0,0,0,0,0.39682720159677876,0.32593878007097643,0.3543698716227014
0,1,0,1,1,0,1,1,0,0,0,1,0.40878890351776703,0.3396204293792572,0.3767127464369823
1,1,1,0,0,1,1,0,1,0,1,1,0.4046891249352582,0.33808228677102137,0.3824133718707885
0,0,1,0,1,1,1,0,0,1,1,0,0.40325934135208313,0.33197464566796747,0.3697654370366099
1,1,1,1,1,1,0,0,1,1,1,0,0.3937228225261239,0.3287876439187242,0.36758393116648397
0,1,1,0,1,0,1,0,1,0,1,0,0.40860177112309826,0.33427510478572864,0.3776761090647997
0,1,0,1,0,1,1,1,0,0,1,0,0.41037947252043244,0.336508350875402,0.3788219505233935
1,1,0,0,0,1,0,0,0,0,0,1,0.4089845332950716,0.342620992636407,0.3815109139694122
1,0,1,0,1,1,1,1,1,1,1,0,0.4023423615936805,0.33081821770346664,0.36302168836512544
1,0,0,1,0,1,1,1,0,1,1,0,0.41500228420400265,0.33939237974713743,0.37084693347011566
0,1,1,0,0,0,0,0,0,1,0,0,0.40240070852404614,0.33104948203412493,0.37138349831490086
1,0,0,1,1,1,0,0,0,0,1,0,0.4047125352546704,0.332304976234975,0.37520583759746917
0,1,1,1,1,1,1,0,0,0,0,0,0.40812409945714545,0.3380804170591186,0.3791341388754859
0,1,1,1,0,0,0,1,0,0,0,0,0.40495705622119865,0.3316197510049786,0.37206824428457286
0,0,0,0,0,1,1,0,1,1,0,1,0.4144751211172265,0.3373378922774506,0.37645456672106775
0,0,0,1,1,1,0,0,0,1,0,1,0.4226437194975259,0.34942045334462946,0.3894241591611399
1,0,1,0,1,1,1,1,0,0,0,1,0.401526922352553,0.33452707546746613,0.3612493902806863
1,0,1,0,0,0,0,0,0,0,0,0,0.3879821602055689,0.32542863960443325,0.364463471176776
0,1,1,1,1,0,1,0,1,1,0,0,0.40590810366482594,0.32877966945823556,0.36637829946055267
1,0,0,1,1,1,1,0,0,1,1,0,0.41057728523987647,0.33606639693792795,0.3759651368737517
1,0,0,0,1,0,1,1,0,0,1,1,0.40820183130774335,0.3414601411675591,0.3773777797852464
0,0,0,1,1,1,1,1,1,0,1,0,0.40626333584382684,0.3352170384594179,0.3778600633946162
1,1,0,1,0,1,1,1,0,1,1,0,0.40803977609855535,0.3338848040951126,0.3730443404520709
0,0,1,1,1,1,0,0,1,0,0,0,0.39890598886704737,0.33190236483202123,0.3719527458226018
1,1,1,1,0,1,1,1,1,0,0,0,0.3989083531787072,0.33072285005345703,0.3609169103955516
0,0,0,0,0,0,0,1,0,1,1,1,0.42518565273760484,0.3458318836008013,0.389134833834883
1,0,1,1,0,0,0,0,0,0,1,1,0.4136235687243039,0.3454069882097308,0.3885925637535448
1,1,1,0,0,0,0,0,0,0,0,1,0.4039113349417847,0.3387466324539026,0.37726084941255034
1,0,0,1,0,0,0,0,1,0,1,0,0.4037452885612429,0.3335141093518791,0.377079294413904
0,0,0,0,1,0,1,0,0,0,1,0,0.41156216007117813,0.3353559305369921,0.37682131268406915
0,1,1,1,1,0,0,1,0,1,0,1,0.4142296829573261,0.34149611500323623,0.38374084612348214
0,0,1,0,1,0,0,0,0,0,0,0,0.3922129910288983,0.3249521181228733,0.3632807955286169
1,1,0,0,1,0,0,0,1,1,1,0,0.3993534737594563,0.33044854321487815,0.3683159973694423
0,1,0,0,0,1,1,0,1,0,1,0,0.4066865347721835,0.33003537257937265,0.3696956342447967
1,0,1,1,0,1,0,1,0,0,1,1,0.4159722248396694,0.3460655068221512,0.38415560952031214
0,0,0,1,1,0,1,1,0,0,0,1,0.41315185257076786,0.34022694338431575,0.37793073799863197
0,0,0,1,0,0,1,1,1,1,1,1,0.41603286896048014,0.3428393232394203,0.3831920967515146
0,1,1,1,0,0,0,1,0,1,1,1,0.4173909787336082,0.34227357893759824,0.38028355215865306
1,0,0,0,0,1,1,1,1,1,1,0,0.4027437767993341,0.3289862775834469,0.37008948659648394
0,0,1,1,0,1,1,0,1,1,0,1,0.4218126125175032,0.34523662265206184,0.3858478045380656
1,0,0,0,0,1,0,0,0,0,0,1,0.4113419941560293,0.33917418628523854,0.3793892792650638
1,1,1,0,1,1,0,0,1,0,1,0,0.38325749842287404,0.32184153298529294,0.35888617811938306
0,1,0,0,0,0,1,0,0,0,0,1,0.4119968371436059,0.33804228203178704,0.37641152099973535
1,0,1,0,0,1,1,0,0,0,0,1,0.4073780565886833,0.33798012362214175,0.3696099715255899
1,1,1,0,1,0,0,1,1,1,0,0,0.3843427231542849,0.32007349350293085,0.35749668721724887
0,0,1,1,1,0,0,1,0,0,0,1,0.41244313075194244,0.343144262258723,0.38167182688242407
1,0,0,1,1,1,0,1,0,1,0,1,0.4097665877862344,0.34220539827230334,0.38063702490375956
0,0,0,0,1,1,0,0,1,1,1,0,0.39920106177027403,0.3311442592282208,0.37040603135860806
0,0,0,0,0,0,0,1,1,1,0,0,0.41179761298845013,0.3330841061400396,0.3763254379636834
0,0,0,1,1,1,0,1,1,1,1,0,0.40672418527470156,0.3324894497391736,0.37492261585563524
1,0,1,1,0,1,0,1,1,1,1,0,0.41252117699026125,0.3397409576554919,0.38235059748103556
1,1,0,0,0,0,1,1,0,1,0,1,0.4196825235136252,0.3457669257243622,0.3726506791372382
0,0,0,1,0,1,0,1,0,1,1,0,0.4135776920610264,0.33639307193098944,0.37935544876311067
0,1,1,0,1,1,0,1,1,1,0,1,0.41808544850815843,0.34443476684903007,0.38194332042699314
0,1,1,1,0,1,0,0,1,0,0,0,0.40743894401834996,0.3327054491177257,0.3725912729597376
1,0,1,0,0,0,1,0,0,0,0,0,0.39830813988016717,0.3315632940005826,0.37422184132534586
0,0,1,1,1,0,1,1,0,0,0,0,0.4079240246865576,0.3356315262244326,0.3769418408526803
0,1,0,1,1,1,1,0,1,0,1,1,0.4146967066438947,0.33591417058984957,0.3642225117668279
1,0,0,0,1,1,1,1,0,1,0,0,0.40324827964170534,0.3318114643548299,0.3582448793990311
0,1,0,0,0,0,1,0,1,1,0,0,0.402412280991354,0.3279089113383475,0.3630789028778296
1,0,1,1,1,0,0,0,1,0,1,1,0.40363783225468286,0.3392271140404289,0.37823347877354
0,0,1,0,1,1,1,1,0,0,0,1,0.4247512527034519,0.350805538987693,0.39045650070672333
1,1,0,0,1,1,1,1,0,1,0,0,0.4033127678405226,0.3333103729410339,0.3731400099662822
1,0,0,0,1,0,0,0,0,0,1,0,0.3930126550040046,0.3260887911868779,0.3619845653193309
0,0,0,1,0,0,1,1,1,0,1,0,0.4083430889219653,0.3306945707382075,0.37174673850744305
0,1,1,0,0,1,1,1,0,1,0,0,0.41190614357401845,0.33795269787891163,0.37470216232691067
1,1,1,0,1,0,0,0,1,1,0,0,0.3885560995618533,0.3255526650934385,0.3636186753181656
1,0,1,0,0,1,1,1,0,1,0,0,0.4041454709267569,0.3362809859775065,0.37551736338356756
1,1,0,1,1,0,0,1,1,1,0,0,0.3950492048864482,0.3274552828588996,0.3644387731881315
1,0,0,1,1,0,1,0,0,1,0,1,0.41631837075780276,0.34371578500934524,0.38612038266950893
0,1,1,1,0,1,0,1,1,0,0,0,0.40565870471229,0.33236949838244156,0.3688656528551709
1,0,1,1,1,0,0,1,0,1,0,0,0.40005196662910414,0.3339687437057136,0.372258982446131
1,0,1,0,1,0,1,0,0,1,1,1,0.41136924834757155,0.339897983961898,0.37450359629516405
1,1,1,0,1,1,1,1,0,1,1,1,0.40646698214373683,0.3354120580450243,0.35894031066699117
1,1,0,0,1,1,1,0,1,1,0,0,0.39718796285690067,0.32944528366888326,0.36686721720871807
1,0,0,1,0,1,0,1,0,0,1,0,0.4047330280991351,0.33502202864653513,0.37808190028025357
1,0,0,0,0,1,1,0,0,1,0,1,0.409165810931355,0.33953219186087,0.38111199637072973
1,1,0,0,0,0,0,0,1,0,0,1,0.4111142490901576,0.3403694951551173,0.36891954706321634
0,0,1,1,1,1,0,1,0,1,1,1,0.40574470016399267,0.33633036849475484,0.374698655002883
1,1,0,1,0,0,1,0,1,1,1,1,0.42144948177083225,0.34534010568790974,0.38329707393862156
1,1,1,0,1,1,1,1,0,1,0,1,0.41134933821184944,0.3418733200262415,0.3678122445660508
1,0,1,1,1,0,1,0,0,0,0,0,0.3929516142644841,0.3285314964285446,0.36437648805198236
1,1,0,1,1,0,1,1,0,1,1,1,0.41849673212789096,0.34882000748363395,0.3831595454474561
1,0,0,1,1,1,1,1,1,1,1,0,0.4072296466730777,0.33335910086129744,0.36915321619633584
0,1,1,1,1,1,0,0,0,1,0,1,0.41786253170860216,0.344689888920675,0.38612927155683857
1,1,1,1,1,1,1,0,0,0,1,1,0.4002352590369891,0.3373825221290115,0.3739502291769403
0,0,0,1,0,1,1,1,0,0,1,0,0.4073688229377563,0.3338316753947578,0.37181746570112906
1,1,0,1,0,0,1,1,1,0,1,1,0.41604268638047237,0.34179341154139525,0.375355827141755
0,1,1,0,0,1,0,1,0,1,1,1,0.42285121225837496,0.35186515178117006,0.38868974458038535
1,0,1,0,1,1,1,1,1,1,1,1,0.4181320821297784,0.34463624207710725,0.37388159173432806
1,0,0,0,1,0,0,0,1,0,0,0,0.39749156082020154,0.3281540510874634,0.3691590291462384
0,1,0,1,0,0,1,0,0,0,1,0,0.4121187858432037,0.3357881949277684,0.3748838345633478
0,1,1,0,0,1,1,1,1,1,1,1,0.41983823651030994,0.3457618526294485,0.37837907140199967
1,0,0,0,0,1,1,1,0,0,1,0,0.4024136196240323,0.3325463676943301,0.3720826474822854
1,1,1,0,0,1,1,0,0,1,0,1,0.4075446739249348,0.3402721142554019,0.381821311850417
0,1,0,0,0,1,0,1,1,1,1,0,0.41577004622648545,0.3370058762335696,0.3780529495200879
0,0,1,0,0,1,1,1,0,1,0,1,0.41455206587539184,0.34730185506390315,0.38319734439427594
0,0,1,0,1,0,1,0,1,1,0,0,0.40097241647863074,0.32538356418492953,0.3583045378990861
0,1,0,1,1,1,0,1,0,1,1,0,0.40635225129006625,0.33238560937061434,0.3745796108065656
1,0,0,1,1,0,0,1,0,0,0,1,0.4064719969278228,0.34034201708770667,0.37533417746667097
0,1,0,1,0,0,0,0,1,0,0,0,0.40427695977708217,0.3279231578847285,0.36681890689362595
1,1,0,0,1,0,0,1,1,1,0,0,0.39668430295518076,0.32735994256795176,0.3636562664975285
0,1,1,0,0,1,1,1,1,0,1,0,0.40971991706755373,0.3353014438627712,0.37171149174444895
1,1,1,1,1,0,1,1,0,1,1,1,0.41600222180737106,0.3422382992998219,0.37290001267829365
0,1,0,0,0,0,1,1,1,0,1,0,0.4033411883113092,0.3283941407892,0.3653585980276975
1,0,1,1,0,1,1,1,0,1,1,0,0.4130973468857734,0.342182577906034,0.38069887008542924
1,0,1,1,0,1,1,0,0,1,1,1,0.4146143026458657,0.34220289341396654,0.3710817961376998
1,1,0,1,1,1,0,0,1,1,1,1,0.4183400151196601,0.3464666836139009,0.38754656950018523
0,0,1,0,1,1,0,0,0,0,0,0,0.396685822425186,0.3278341399350514,0.36647152323523124
0,0,0,0,1,1,0,0,1,0,0,1,0.41213624485203476,0.33776007845470174,0.37971509840887985
0,1,1,1,0,1,0,1,1,1,0,1,0.42918456628886026,0.3508644866364877,0.39075390412902766
1,0,0,1,0,1,1,0,0,1,0,0,0.4062082989837253,0.3356155666705055,0.3774176237078128
1,0,0,1,0,0,1,1,0,0,0,0,0.403633321922828,0.330899760469665,0.3612393752957011
1,1,0,1,0,0,1,1,0,0,1,0,0.40878694981211927,0.3363613630084986,0.374791034808419
1,1,0,1,0,1,1,1,0,0,0,0,0.4022757296032517,0.3307785709718739,0.37093890267277563
0,0,0,1,0,0,1,1,0,1,1,0,0.4183619310412025,0.338238566211859,0.3785167091677918
0,0,0,1,0,1,0,0,0,0,1,0,0.4048786322139076,0.3329349977911561,0.3734595019604111
1,1,1,0,0,0,0,1,0,0,0,1,0.4063833225281065,0.33918117220002364,0.37613313542400334
1,0,0,1,1,1,1,1,1,1,0,1,0.4133057224372593,0.34366062908730366,0.3767264780293303
1,0,0,0,1,1,0,0,0,0,1,1,0.40963460559875225,0.3389889828899636,0.3792167925134085
1,0,0,0,0,0,1,1,1,1,1,0,0.41524530310764984,0.3388499273572847,0.3685152859359691
0,1,1,0,1,1,1,0,0,1,0,1,0.4198765153223272,0.3451455297366248,0.37647730999218404
1,0,0,0,1,1,0,1,1,0,1,0,0.40376797224478106,0.3335302545294834,0.3729832788120909
0,1,0,1,0,0,0,0,0,0,1,0,0.40820345754280163,0.33489467280030516,0.3764124915844418
1,0,1,1,1,1,0,0,0,1,1,1,0.4054048223447094,0.3392178957661165,0.37859286176183293
0,1,1,1,1,1,0,1,1,0,0,0,0.40518008540910233,0.3342969762031625,0.3754498033534897
0,1,0,1,1,1,0,1,0,0,0,0,0.4019717869793615,0.32895139613231766,0.3692646077409524
0,0,1,0,1,1,0,1,0,1,1,1,0.42108961230903336,0.3478194461279947,0.3884289370625031
0,1,0,1,0,1,0,1,0,0,1,1,0.41530286098806085,0.3484216574823841,0.3844607342503789
0,1,1,1,1,0,1,1,0,1,1,0,0.41144167323145986,0.3385966619279188,0.38018226381761466
0,0,1,0,0,0,1,0,0,0,0,1,0.41972867046191126,0.3436300634469656,0.38380885640574175
1,0,0,0,1,1,1,0,0,1,1,1,0.411410179137193,0.3393250848948768,0.36985720430836233
0,1,1,1,0,0,1,0,0,0,1,0,0.4047702127955596,0.33168584283454317,0.37242223762482685
1,0,1,1,0,0,1,0,0,1,0,1,0.4068678604683651,0.33878247713191084,0.3691211204061532
1,1,0,1,0,0,0,1,0,1,1,1,0.42626195905711173,0.3521149863073286,0.3921802003806745
1,0,1,0,1,0,0,1,0,1,1,1,0.4067368272064068,0.33901649989740773,0.3769171651231439
1,1,0,0,1,1,0,1,1,0,1,1,0.4076582758535452,0.3395822897413371,0.37613629608133897
1,0,0,1,1,1,1,1,0,1,0,0,0.40581463489557656,0.3343260619667114,0.3749421805044451
1,1,1,0,1,0,0,1,0,1,1,1,0.4034616589267294,0.33619821629774327,0.3744163646382348
0,0,1,0,0,1,1,0,0,0,0,0,0.4037706629912324,0.3345008989511155,0.37574287060381306
1,0,1,0,1,1,1,1,0,0,1,1,0.40615600344008496,0.3402502705656608,0.37228815116149644
0,1,1,0,0,1,0,1,0,1,1,0,0.4105566287282407,0.33776821170185,0.37880177712542096
0,1,1,0,1,0,1,1,1,1,1,1,0.42137255320624684,0.34768039951490126,0.38359392289554756
0,1,1,0,0,1,1,1,1,0,0,1,0.41846894477835633,0.3470393440897803,0.38026600798552107
0,1,1,1,0,1,1,0,1,0,1,0,0.4055238907327967,0.33128200034510047,0.37092885452256025
1,1,1,0,1,1,1,1,0,0,0,1,0.41091708039088176,0.3428055443089284,0.3685621390728389
1,1,1,1,0,0,1,0,1,1,0,0,0.402170468013467,0.33165402291257545,0.36765256528796936
0,0,0,1,1,0,0,0,0,0,0,1,0.4159408106065136,0.3440693381048436,0.3816021766234773
1,1,0,0,1,0,1,0,0,0,1,1,0.4074413500165684,0.33903393391431497,0.3733012710610751
0,1,0,1,1,0,1,1,0,1,0,0,0.4037280773718397,0.3305844017296933,0.37046911960021134
1,0,0,0,0,0,0,0,1,0,1,1,0.40684872116148524,0.3377951550001632,0.37841783544712665
0,0,1,0,1,1,0,1,0,0,0,1,0.41572477845379757,0.3461742051108837,0.3882888615386245
1,1,0,0,0,1,1,1,0,1,1,0,0.4109143502872988,0.3364519921124743,0.3752832924262079
0,1,0,0,0,1,1,0,0,1,1,1,0.4277232937521642,0.34527833894236665,0.37663705329453184
1,0,1,0,0,1,1,1,0,1,1,1,0.416237581124954,0.3462914756159047,0.38579831625399896
0,1,0,1,0,0,0,1,0,1,1,0,0.4098051499688649,0.334645931669096,0.37363722784883174
1,1,1,1,1,1,0,0,0,0,0,1,0.39412279162692176,0.3328196853213981,0.3723330654973956
0,1,1,0,1,1,1,1,1,1,0,0,0.4037328147339032,0.33098313184602624,0.37372124988042554
1,1,0,1,1,0,1,0,0,1,0,1,0.40890908543290455,0.3382479356071061,0.3812188116996526
1,0,1,0,1,0,0,1,1,0,0,0,0.39213890601044327,0.32746789848852426,0.36680426432557833
0,1,0,0,0,1,1,0,1,0,1,1,0.4137919092441202,0.33784463201357734,0.36571920333900665
1,0,0,1,0,0,1,0,0,1,1,0,0.41049666239048016,0.3367206731677147,0.36803973295891634
1,0,0,1,1,1,1,0,1,0,0,0,0.3968796420925287,0.32710539017060764,0.3621117771347986
0,0,1,0,0,1,0,0,0,1,0,1,0.41951118931871273,0.3474404783151058,0.39039965302136714
0,1,0,0,1,1,1,0,1,1,1,0,0.4053861555703177,0.3318955215925115,0.37388324487380353
0,1,0,1,1,1,0,0,0,0,1,0,0.3890332391664331,0.3226129961926595,0.3598200553065189
1,1,1,1,1,0,0,1,1,0,1,1,0.3921082449361342,0.32871781069944167,0.3605941659914639
0,1,0,1,0,1,1,0,0,0,0,1,0.4174497272517899,0.34258571529241566,0.3830924913846154
0,1,0,0,1,1,0,1,0,1,1,1,0.4072456711128845,0.3375841991128986,0.372981800819834
1,1,1,1,1,0,1,0,1,0,1,0,0.3962766175582307,0.32585138271981295,0.35781447947239414
1,1,0,0,1,0,1,0,0,1,0,0,0.40071559690780945,0.3308276796906401,0.36840217897660504
0,0,1,0,0,1,1,1,0,1,1,0,0.4051938711015092,0.33500229000155113,0.37392669258531863
0,1,1,0,1,1,0,1,1,0,0,0,0.4088040927354868,0.33235017407162215,0.3746228828361123
1,1,1,0,1,0,0,1,0,0,0,1,0.39397046669865293,0.3330282682503675,0.3687810347916387
0,1,0,1,0,0,0,1,1,1,1,1,0.4205171463175862,0.341864933412113,0.3706355855795063
1,0,1,0,1,0,1,1,0,1,0,1,0.4161890812083601,0.34741064385330694,0.37338084638079394
0,0,0,0,1,0,1,0,0,1,0,1,0.41996903615842435,0.3420519874196052,0.38368777611270355
1,1,1,0,0,1,1,1,0,1,0,1,0.4140464508068603,0.3444570468597584,0.37391944612521183
0,0,1,0,1,1,1,1,1,0,0,1,0.4121211549451498,0.34449312710456864,0.38166144571795657
1,1,1,0,0,0,1,1,0,1,0,1,0.4182098015620658,0.3456619662280839,0.3820193161279018
0,0,1,1,1,0,1,1,1,1,0,0,0.4019189014603648,0.3312264194718678,0.37015895483372524
1,0,0,0,1,0,0,0,1,1,1,1,0.4067338414389181,0.33757051748809386,0.37172809339206153
0,1,1,0,1,0,0,1,1,1,0,1,0.41441988356634885,0.3443338659773151,0.37795531632255785
1,0,1,0,1,0,0,0,0,1,1,1,0.40146220549927303,0.33406790075739756,0.36925158379772194
0,1,1,0,0,0,1,0,1,0,0,1,0.4216500067871598,0.3455588909059438,0.37660889149117716
0,1,1,0,1,1,0,0,0,1,1,0,0.4085865181691755,0.3341950883129129,0.378034643946875
1,1,1,1,0,1,1,1,0,0,0,0,0.39845716604550224,0.33068494543471394,0.3601698898204748
1,1,1,0,0,1,1,1,0,1,0,0,0.4053035986706649,0.3371297430922344,0.3659128591003965
0,1,0,0,0,0,0,1,0,0,1,0,0.4054729190205427,0.33289369937777186,0.3735481552610624
1,0,1,0,0,0,0,1,1,1,0,1,0.4021494432577666,0.33931516161491226,0.3724648205179765
1,1,1,0,1,0,1,1,0,1,0,1,0.40427482455662295,0.3372750460664488,0.3744973260763061
1,1,1,1,0,1,1,1,1,1,0,0,0.40183692282840455,0.3335849910945475,0.3626540919877927
1,1,1,1,0,1,0,0,0,1,1,1,0.40846454378277514,0.3401697424393413,0.37136694629807593
1,0,1,0,1,1,1,1,0,1,0,1,0.4135019763829971,0.340320103578264,0.3668647248399089
1,0,0,0,0,0,1,1,0,1,0,0,0.4068060588682165,0.33270938111915216,0.36308568233705896
1,1,1,0,1,0,1,0,0,0,1,1,0.3950804768106616,0.3306879489544364,0.36761541266667064
0,0,0,1,1,1,1,0,1,0,1,0,0.4101590365856287,0.33455203466773276,0.37448423957175353
1,1,0,1,1,1,1,0,0,0,0,1,0.4123789575124456,0.34399706699792837,0.37184346690988035
0,1,0,1,1,0,1,0,0,1,0,0,0.4048488250729947,0.33305611787894585,0.3721186336894018
0,1,1,1,1,0,1,1,0,1,0,1,0.41695992279650923,0.3408777459637976,0.3833301559645966
0,0,1,0,1,0,1,1,1,1,1,0,0.4132979907517026,0.3327493130317408,0.3619203737073681
1,0,1,0,1,1,0,1,1,1,1,0,0.40284469942989,0.3322512036897836,0.3692755329695415
0,1,0,1,1,0,0,1,1,1,0,1,0.4132575198646747,0.3408086582752087,0.37775444599548436
1,0,1,1,0,0,0,0,0,0,1,0,0.3954578513620533,0.3313556532728685,0.37103335970721585
0,1,1,0,0,1,0,0,0,1,1,0,0.40717979400102366,0.33478647610698753,0.37480046103824743
0,1,0,0,0,1,0,0,0,0,0,0,0.40237042097535625,0.3316780058576247,0.3714118470620506
0,1,0,1,0,1,1,1,0,0,0,1,0.41821027599446486,0.34581625795610405,0.38731993577439733
0,0,1,0,1,1,1,1,0,1,0,0,0.4108558448565839,0.3362482969458214,0.37632957603913386
1,0,0,0,1,0,0,1,0,1,0,0,0.4070850509645742,0.3354414438775827,0.3748112252552057
0,0,1,0,1,0,1,0,1,0,1,0,0.40576666440929426,0.33146914140490785,0.364982194987324
0,0,1,1,0,0,1,0,1,0,0,1,0.4143136589456869,0.3419681189438349,0.3838145296899209
0,0,1,0,1,1,0,1,1,0,0,1,0.41141123970478066,0.3434401732467953,0.38363800836235595
1,0,1,0,0,1,0,0,1,1,1,0,0.39521071359436827,0.33065390081776735,0.3664529997418067
1,0,0,0,0,1,0,0,0,0,0,0,0.3979921194499659,0.32946856360092175,0.37174684636780275
1,1,1,1,1,0,1,1,1,0,1,1,0.40575536870581114,0.3388602159765136,0.3713576247792604
0,1,1,0,0,0,0,1,1,0,0,0,0.41381022414066165,0.3358767663776018,0.3676462447294508
1,1,0,0,1,1,0,1,1,1,1,0,0.38928384094632446,0.3234865609738419,0.3576529836615504
0,1,1,0,0,0,0,1,0,0,1,1,0.4251765132013735,0.3511463718289871,0.3903906402254656
0,0,0,0,1,1,1,0,1,0,1,0,0.4100608463372269,0.3349231106611107,0.3783359387076611
1,1,0,0,0,1,1,1,1,0,1,1,0.4156837465001708,0.34082806097138996,0.365407071120545
0,1,0,0,1,0,1,1,1,0,0,0,0.4074329448501431,0.3283545733130574,0.36565201866859764
1,1,0,1,0,0,1,0,0,1,1,1,0.4187433049077327,0.3482761812735512,0.3855357197633344
1,1,1,1,0,1,0,1,0,0,1,0,0.40186480406227254,0.33386831725848093,0.37727013397628373
0,0,1,0,0,1,1,0,1,0,0,0,0.4041459223980586,0.3349383204054627,0.3748146342033883
0,1,1,0,1,0,0,0,0,0,1,0,0.406165644407904,0.3328748967831252,0.3768118549075585
1,1,0,0,0,0,0,1,0,1,0,1,0.4059561429732853,0.33919664282094275,0.3727940676385466
0,0,0,0,1,0,1,0,1,0,0,0,0.4076952116462994,0.3308242808373433,0.3704369527377981
1,1,1,1,1,1,1,0,0,0,1,0,0.39532226117968344,0.3291098073247127,0.3670368452909354
0,0,1,1,1,0,0,0,1,0,0,1,0.40464778936033396,0.33661844625631804,0.37553981949189685
1,0,1,1,1,1,1,1,0,1,1,0,0.4071134094542243,0.3377090654978089,0.37603186657512566
1,1,0,1,0,0,0,0,1,1,1,1,0.4103435226153146,0.34150454516202844,0.37706184520093017
1,0,1,0,1,0,0,0,1,0,1,0,0.3920607231891432,0.32938696584402105,0.3665520669181583
0,1,0,1,1,1,0,0,0,1,0,1,0.4151190595010114,0.3407045812374026,0.3823606136419251
1,1,1,0,1,0,1,1,1,0,1,0,0.39702329243061985,0.327479619394486,0.35430427646858437
1,1,1,1,0,0,0,0,0,1,0,1,0.39838046332504273,0.3365186642994432,0.3723727988934006
0,0,1,0,1,0,0,0,1,1,1,1,0.41067585246428406,0.3350759588486997,0.3718087809054376
0,1,1,1,1,1,1,1,0,1,1,0,0.4170085659174106,0.3429350319940822,0.382468423278731
0,1,1,1,1,0,0,0,0,1,1,1,0.4190901248799731,0.3428769766614207,0.38460499487131655
1,0,0,0,0,1,1,1,1,0,0,1,0.41239535992076665,0.340616786220755,0.37862008332422326
1,0,0,1,0,1,0,1,1,1,0,0,0.4021917783603575,0.33242065075751204,0.37507466131340556
0,1,1,0,0,0,0,0,1,1,0,1,0.4147935922189147,0.33848757186233114,0.37383390996763755
0,1,1,1,1,1,0,1,1,1,0,0,0.4075725486473388,0.3354918268020396,0.37614402698116944
1,1,0,0,1,1,0,0,1,0,0,1,0.39764811274094297,0.3330593846144601,0.36782911818626984
1,0,0,0,0,1,1,0,1,1,1,0,0.40256684845412494,0.3318525610363133,0.3755781522202975
0,1,0,1,0,0,0,1,0,1,1,1,0.42189811038327363,0.3462764686174485,0.3856760746875533
1,0,0,0,0,0,0,1,1,0,1,0,0.40710403055389144,0.3378127405063668,0.3790715857968697
0,0,0,0,1,1,0,0,1,1,0,0,0.40143519042822257,0.33131491482813313,0.3710580394033246
1,1,1,0,0,1,1,0,0,0,1,0,0.3994264553001833,0.33300713994772074,0.37607192416654095
0,1,0,0,0,0,1,1,0,1,1,1,0.4247953476213043,0.3483259787392907,0.38586259674062395
1,1,0,1,0,0,0,1,1,1,0,1,0.414911529821634,0.3454989185224825,0.3831346467010815
0,0,1,0,0,1,0,1,1,1,0,1,0.413341755960193,0.34297609483669633,0.3856551158898529
1,0,0,1,0,1,0,1,1,0,0,1,0.4046629761538535,0.3364324389057315,0.37422200270017025
0,1,0,0,0,0,0,0,0,0,0,0,0.40279141161162463,0.33100290832757506,0.37177307856263714
1,0,1,1,0,1,0,0,0,1,0,1,0.41214186029350963,0.34171796822039396,0.386444691283643
1,1,1,0,0,0,1,1,0,1,1,0,0.4159536919677568,0.3404294516571419,0.36808152898589225
0,1,1,1,0,0,0,1,1,0,1,0,0.4123714451477357,0.33476904197425583,0.37482470160217135
1,0,1,0,1,0,0,1,1,1,1,1,0.40385581454098707,0.3386491710631451,0.37279588437655964
0,1,0,1,1,0,1,1,1,0,1,0,0.4064272728099155,0.3295354451572245,0.36741143149852545
0,1,1,0,1,1,0,1,0,1,1,0,0.40195738343922005,0.3299948951822417,0.37233606455026025
1,1,0,1,1,0,1,1,0,1,0,0,0.4003187864847586,0.3318387325792722,0.3689369565659855
1,0,1,0,0,0,1,0,0,0,0,1,0.4033009510272394,0.3348955912701205,0.36690267117987746
1,1,0,0,0,0,1,1,0,1,1,0,0.41701119323188723,0.34187178317691674,0.36854058842162707
1,0,0,1,1,1,0,1,1,0,0,0,0.40152053844541935,0.3303243197594534,0.3720874466920494
0,0,0,0,0,0,1,0,0,0,0,0,0.4093785845412196,0.3353307844872709,0.3765495913389364
1,1,0,1,0,1,0,1,1,1,0,0,0.4092580233965608,0.3364725008724914,0.37571616649024137
0,1,0,0,1,0,1,1,1,0,1,1,0.4177940027738357,0.3433711246893307,0.38116869534503584
1,0,0,1,1,0,0,1,0,0,1,0,0.4028159930388091,0.3363149183509389,0.37398039545873957
0,1,0,1,0,0,1,1,1,0,1,0,0.40416441934936714,0.3294645224818613,0.36455409801542243
0,1,1,0,1,1,0,1,0,0,0,0,0.4020822051588074,0.33023931475720375,0.37167086889580975
0,1,1,0,1,1,0,0,0,1,1,1,0.4188209743987643,0.3458772320764968,0.38907477823396575
1,0,0,1,1,0,0,0,1,1,0,0,0.3976746280112493,0.32930607525329203,0.3696012220311163
0,1,1,0,0,1,1,0,0,1,1,1,0.4289030952808845,0.3490929767298813,0.384359374504115
0,1,1,0,0,0,1,0,1,1,1,1,0.4301050097974908,0.35202943639247103,0.3813849956609914
1,0,1,0,1,1,0,0,1,1,1,1,0.4016525229473347,0.3358029830988329,0.37133580296561136
1,1,1,0,0,1,0,0,0,0,0,1,0.4032414956338275,0.33663866434144607,0.37878548734447137
0,0,0,0,0,0,1,0,1,1,1,0,0.4040390234672403,0.328944746599135,0.3694049558138125
1,1,1,0,1,0,1,1,1,1,0,0,0.3965682986903944,0.3278723470589374,0.3609040371365087
0,0,0,0,1,0,0,0,0,0,0,1,0.41006372443526906,0.33966099576368464,0.37887216770307913
0,1,1,1,1,0,0,0,1,1,1,1,0.40785355750472296,0.3362066469824602,0.37596480229412205
0,0,1,0,1,1,1,0,1,0,0,0,0.3998653204916525,0.3326024679374676,0.36945992432215996
0,0,0,0,0,0,1,1,0,0,1,1,0.4193199435707593,0.3419510967898182,0.37759136487230266
1,0,1,0,1,0,0,1,1,1,0,0,0.39874344311932575,0.3313962686970425,0.37005790656729076
1,1,0,0,1,0,0,0,1,0,0,0,0.38689945489276834,0.3222095429773803,0.36134378951290264
1,0,1,0,0,1,0,1,0,1,0,1,0.40611199562640804,0.3361972928769892,0.3642161340261127
0,1,0,1,1,1,1,0,1,1,0,0,0.39324382147856757,0.3216073861294221,0.3552275256775173
0,0,0,0,0,1,0,1,0,1,1,1,0.4172395121578126,0.3425457990374529,0.38530126492850647
0,0,0,0,1,1,1,0,1,0,1,1,0.4105036444330019,0.33863556351430474,0.3763912850108903
0,0,0,1,0,0,1,1,0,0,0,0,0.4085649279342197,0.33121208553056886,0.3708790529725623
0,0,1,1,1,1,1,1,0,1,0,1,0.4199279129791899,0.3483122296991573,0.3779941107158555
0,1,1,1,1,0,1,1,0,1,1,1,0.41726363149856915,0.3411587519578344,0.3827276148380772
0,0,1,0,0,0,1,0,1,1,0,0,0.4041911933646305,0.33250141888580753,0.37156183690823075
1,1,1,1,1,1,0,0,1,1,0,1,0.41160778913714385,0.34349645317902333,0.3879950197231702
1,0,0,1,1,1,0,0,1,0,0,0,0.40026124018654974,0.32984391629680687,0.36735060853521667
1,1,1,1,1,1,0,1,1,1,0,0,0.4002334018160267,0.33509589089292274,0.37180401751256725
0,1,0,0,0,1,1,0,0,1,0,0,0.4132556823254935,0.33581135679961543,0.3766466218026087
0,0,0,1,1,0,0,0,0,1,1,1,0.41476811636661026,0.34216349908126664,0.3817307256686223
1,0,1,0,0,1,1,1,1,0,1,1,0.40475177436375964,0.3401128065780535,0.3795679014768188
1,1,1,1,0,0,1,0,1,0,1,1,0.40678478331723156,0.333117279275144,0.3628537952779552
1,1,1,1,1,1,0,1,0,1,0,0,0.3982166869145298,0.33334602993593027,0.3713102145716205
1,1,0,0,1,0,0,1,1,0,0,1,0.4029291207376686,0.3357985088363397,0.3712874826563575
0,1,0,1,1,1,1,1,1,0,1,1,0.3971410266560178,0.3301216627022697,0.35999855089492766
0,1,1,1,0,0,0,1,1,1,1,0,0.4167132430055364,0.3395109918914738,0.3810781346820654
1,1,1,1,1,0,1,0,1,0,0,0,0.39668888584187684,0.3273463238452491,0.3599284900493002
1,1,1,0,1,0,1,1,0,0,0,0,0.39064284938493404,0.3250070025264174,0.35712001821871736
0,1,1,1,0,1,0,0,1,1,0,0,0.4100237556614133,0.3337288002001326,0.3732358520506098
0,0,1,0,1,1,1,0,1,1,0,0,0.3985584845250374,0.330636469097627,0.3673723509756551
1,0,0,1,0,1,0,0,0,1,0,0,0.40378008789924635,0.33528443484990555,0.37680094751583787
1,1,1,1,0,0,1,0,1,1,0,1,0.41750261545143064,0.3427017940464915,0.375709782168146
1,0,1,1,0,0,0,1,0,1,1,0,0.39609671638449184,0.33134609371871887,0.36901275578692433
1,1,1,1,1,1,0,0,1,0,0,0,0.38871455879508593,0.32682299460122854,0.3646885891341545
1,1,0,0,0,1,1,1,0,1,0,0,0.4080091898350147,0.33632044896862384,0.3755169488334662
1,1,0,0,0,1,1,0,0,0,0,0,0.4001998992417043,0.32984032938703156,0.37031008703750656
0,1,1,0,1,0,0,1,0,0,1,1,0.41291570325119586,0.3452562637887696,0.384244550663393
1,1,1,0,1,0,1,0,1,0,1,1,0.40262370124572017,0.3352883239320871,0.375207368576721
0,0,1,0,1,0,1,1,0,1,0,0,0.41157120087009613,0.3330657935317051,0.3617243698784112
0,1,0,0,0,0,1,1,0,0,1,1,0.42083537279078476,0.3473500928347956,0.38400610414118697
1,1,0,1,1,1,0,0,0,0,0,1,0.41272222173079604,0.34657493274677437,0.3852294264293241
1,1,1,1,1,0,1,0,0,0,1,0,0.39335782500847405,0.326159670318011,0.3599332980566653
1,0,0,1,1,1,0,0,1,0,1,0,0.4094970537119476,0.3364114982942846,0.3732630733784969
1,1,1,1,0,0,0,1,1,0,0,1,0.4068396493022476,0.336323352024234,0.37207818302592616
1,0,0,1,1,1,0,0,0,0,0,0,0.39680210946451006,0.3286794420354702,0.37242734317682163
1,0,1,1,1,0,1,0,1,0,1,0,0.3987810960537828,0.3344739764642591,0.3705164803149976
0,0,0,1,1,0,0,0,1,1,1,1,0.41214566602284297,0.3374150407368913,0.37630030152302607
0,1,0,0,0,0,1,1,0,1,1,0,0.4116560678159049,0.3370398450025317,0.37511277374452295
1,0,1,0,1,1,1,1,1,0,0,1,0.4051134966799104,0.3361905941922278,0.36280390367753834
1,1,1,0,0,1,0,0,1,0,1,1,0.4025036977620716,0.33729919303678685,0.377929587513465
1,1,1,0,0,0,0,1,1,1,1,0,0.3978964621645028,0.3319898867722415,0.37061499841645734
1,0,1,0,0,1,1,0,0,1,0,1,0.4140174601474945,0.34246031432904095,0.37509468517748035
0,0,0,1,1,0,0,1,1,0,0,1,0.4120971581174122,0.3391438804313596,0.3765952948219519
0,1,0,0,1,1,1,0,0,1,1,0,0.41321113298399986,0.33490512792531685,0.37758427252905435
1,0,1,0,0,0,0,0,1,1,0,1,0.39756095736867514,0.3331852295119795,0.3709997946584175
0,0,0,0,1,0,0,0,1,1,1,0,0.3994070693780338,0.33008267210182124,0.3686886839437687
0,0,1,1,1,0,1,1,1,0,1,1,0.4135379651548715,0.33986177361599507,0.36958816195149724
1,1,1,0,0,0,0,0,0,1,1,0,0.39447188272404426,0.32832658679058113,0.3674735904122575
0,1,1,0,1,1,1,1,0,1,1,1,0.42833704984761095,0.35370980637563537,0.3923549148954851
1,0,0,0,1,1,1,1,1,0,0,0,0.4006683165853252,0.32906378966450844,0.359909571310452
0,1,0,0,1,0,1,0,0,1,1,1,0.41482315637471046,0.3421088402107604,0.3833991606326597
1,0,1,1,0,0,1,1,1,0,1,1,0.4060642310991868,0.33674410413248956,0.36020654938052404
0,0,1,0,1,1,0,1,1,1,0,1,0.41091871237952016,0.3406991027702981,0.379575681321519
1,0,1,1,1,0,0,0,0,0,1,0,0.39006853926710017,0.32802687308125267,0.36454604122015827
1,1,0,0,0,1,0,1,1,1,1,0,0.39512875236215395,0.32877675126177164,0.36858777328072834
0,1,1,1,1,0,0,1,1,0,1,1,0.4200739266929622,0.34685756338255735,0.38851545743133753
0,0,0,0,0,1,1,1,1,1,0,1,0.4133308419297847,0.3395500799486814,0.3758749135933311
1,1,0,1,0,0,0,1,0,1,0,1,0.4210910227427111,0.34964840465986746,0.3896394791697665
1,0,0,0,0,0,1,1,1,1,0,1,0.414316097405145,0.3440654462889536,0.3721739412340789
0,1,1,0,0,1,1,1,0,0,0,1,0.4182062329646049,0.3468357650324534,0.38061546259486534
0,0,1,0,0,1,0,0,0,1,0,0,0.3966257938922281,0.3276917370825842,0.36804794347029685
0,0,1,0,1,1,0,1,0,1,0,1,0.4230668171384429,0.34985462309488435,0.39106452078716414
1,1,0,1,0,1,1,1,1,0,1,0,0.4019477727083389,0.33048263850876747,0.37063146548115977
0,0,1,1,1,0,0,0,1,1,1,1,0.40883327335393893,0.3377747696974279,0.37807788212025983
1,0,1,0,0,0,1,1,1,0,0,1,0.41744273564755696,0.34233626095294223,0.3725892161357136
1,1,1,0,1,1,0,1,0,0,0,0,0.38498175414656216,0.3225387266893311,0.3624528089884668
0,1,0,1,0,1,0,0,1,1,1,1,0.41690417693705073,0.3452723547241727,0.3848577575815415
1,0,1,1,0,0,1,1,1,1,0,1,0.4156184340145327,0.3431001869492137,0.37013259633349715
0,1,1,1,0,1,0,0,0,1,1,0,0.40897784580479674,0.3361411477436192,0.37673089717267216
0,0,0,1,1,0,1,1,1,1,1,1,0.41353716467936585,0.3401233884654007,0.3812911795765225
0,0,0,0,1,1,0,0,0,0,1,0,0.40713353868060564,0.3349916625639957,0.3768283949953192
0,1,0,0,1,1,1,1,0,0,1,1,0.41675237454247877,0.34569006467461116,0.3822535977862575
1,1,0,1,0,0,1,1,0,0,0,0,0.40410126802116886,0.33272740706543047,0.37196543919634906
0,0,1,0,0,1,0,0,0,0,1,0,0.4006494036365622,0.3311837302895189,0.3705883629802948
1,1,0,1,1,1,1,1,1,1,0,0,0.401421443449775,0.33067552920506044,0.36280865898198555
0,1,0,1,1,1,0,0,1,1,0,0,0.38675373549384745,0.320970271768415,0.35748530637138787
0,0,1,1,0,1,0,1,0,1,0,1,0.4169212660903702,0.3411515081113949,0.38384795228247565
1,0,1,1,0,1,0,0,0,0,1,1,0.4071884422248359,0.3405991831304306,0.3800840375284643
1,0,0,1,0,1,0,0,0,0,1,0,0.4059957872278241,0.3353008591276844,0.3779660552108614
1,1,0,0,1,0,0,0,1,0,1,1,0.3924209473813699,0.32612049536216087,0.3596923418880261
0,0,1,1,1,0,0,1,0,1,0,0,0.40213673386280574,0.3310195602185685,0.37166757117038585
0,1,0,0,1,0,1,0,0,0,0,0,0.40029754448761384,0.3262279350852834,0.3643229288455887
0,1,0,0,1,0,1,0,0,1,0,1,0.41198759302715227,0.341066674141187,0.3822373733228155
1,1,0,0,0,0,0,0,0,1,1,1,0.40318599382800924,0.33641615548237397,0.3702447344730804
0,0,0,0,0,1,0,0,1,1,0,1,0.4175998325182104,0.3377809095903416,0.3807251256013411
0,0,1,1,0,0,0,0,0,1,0,1,0.41257733575164107,0.3422079136075509,0.37941920085805375
0,0,0,0,0,0,0,0,1,1,0,1,0.41623904120789973,0.33958447370757094,0.37988300234346095
1,0,0,0,0,0,1,1,1,0,0,0,0.40372385395538957,0.3303376939150411,0.36105818223488867
0,1,0,1,1,1,1,1,0,1,0,1,0.4106733051143137,0.34060641131087316,0.3689049911403648
1,1,0,1,0,1,0,0,0,0,0,1,0.40878597796234384,0.340105110557576,0.3782237328254007
0,1,0,1,1,0,1,1,1,1,1,0,0.40129063650113117,0.32409586564239823,0.3625525106888285
0,1,1,0,1,0,0,0,1,0,0,1,0.40887050661027385,0.3370126685256907,0.3764912412433775
0,0,1,1,1,0,1,0,0,1,1,0,0.3998578709998378,0.32875222994277575,0.3647066716877596
0,1,0,1,0,1,1,1,1,0,1,1,0.4184616554436322,0.34623273103706803,0.38302895967512174
1,0,0,1,0,0,0,0,0,0,1,1,0.4129454986705632,0.34114437697268535,0.37163443875862157
1,0,0,1,1,0,1,0,1,1,0,1,0.40003295618511664,0.33628070830183465,0.37072437205922365
1,1,0,0,0,0,1,1,0,0,1,1,0.42044631336893473,0.34706181634645333,0.3717280216878539
0,1,0,0,0,1,1,1,0,0,1,1,0.41397467145711786,0.3446580183231868,0.3789548834033016
0,0,0,1,0,0,0,0,1,1,1,1,0.41298477455178223,0.34003616402304526,0.37629183708325836
1,0,1,0,0,0,0,1,1,0,1,0,0.401391394450909,0.3346594615550426,0.36763934436070345
0,0,0,1,0,1,0,1,1,1,0,0,0.4015316957483406,0.326694940238266,0.36876600767201
1,0,0,1,1,1,0,1,1,0,0,1,0.40519205946923487,0.33825280070293345,0.37339244090815865
1,0,1,1,1,0,0,1,0,0,1,1,0.4172301748264888,0.3473136095672799,0.3886718667588214
1,1,0,0,0,0,0,1,0,0,1,1,0.4141076100997564,0.3433171937215562,0.3828968338904185
0,0,1,0,1,0,0,1,0,0,0,1,0.41729364246213096,0.34577910068372936,0.38888206396875213
1,0,0,0,1,0,1,1,0,1,0,0,0.4092558140704536,0.33791909348408866,0.3807247680147639
0,1,1,0,0,1,0,1,1,1,0,0,0.40844111273168054,0.3344929706636228,0.37492227390198796
1,1,0,1,0,1,0,1,1,1,1,1,0.4147444990285189,0.34194403439889676,0.3789137749716826
1,0,1,1,0,1,1,0,0,0,0,1,0.4071960881165726,0.3376738412425078,0.3711942301256388
0,0,1,1,0,1,1,1,0,0,0,0,0.405530475360696,0.33501687410317865,0.37390983194062055
1,1,1,0,1,1,0,0,1,1,0,1,0.40429570027366935,0.3396341778404353,0.3800044954864925
0,1,0,1,1,0,1,0,0,1,1,0,0.4097330065728106,0.3362158072095137,0.37606950131489386
1,0,0,1,1,0,1,0,1,0,1,0,0.3987478012103717,0.33309108237872626,0.3719231540059099
1,1,0,1,1,1,1,1,1,1,0,1,0.4099532730955027,0.3385057477919132,0.3655655632050229
1,0,0,1,1,1,1,0,0,0,0,1,0.40479472980600756,0.3381882026526145,0.37528786671377024
0,0,1,0,0,0,0,0,1,0,1,1,0.4126487580179807,0.34111885329021696,0.3776089991116386
0,1,1,1,0,0,1,0,0,1,1,1,0.422829377877471,0.345473275744275,0.3844409135242411
0,1,1,1,1,1,0,0,0,1,0,0,0.4088393897543075,0.33709998741687786,0.37967335835390603
1,0,1,0,1,1,1,1,0,1,1,0,0.40295765905863845,0.33033769592881457,0.35991966599013936
1,0,1,1,1,1,1,0,0,0,1,0,0.3976626142350603,0.3336483493291316,0.36952310808624284
1,0,1,0,0,1,1,1,0,0,1,0,0.40312101507749115,0.3365534600836673,0.3761792140873284
1,0,0,0,0,0,1,0,0,0,0,0,0.40396217718648403,0.3339764297178894,0.37706660231544487
0,0,1,0,0,1,1,1,1,1,0,0,0.3993375524378786,0.32920146981674947,0.36776074165343875
1,0,0,0,0,1,0,0,0,1,0,1,0.4121459575519118,0.3405428764900848,0.38377350517275033
1,1,0,0,1,0,1,0,1,1,0,1,0.4025884878602053,0.33569642034930663,0.3715027236345806
1,1,1,1,1,0,0,0,0,0,1,0,0.3853107907005272,0.32209661359129255,0.3606247653530099
1,0,1,1,1,0,1,1,0,0,0,1,0.40873743863259104,0.3439689916359061,0.3805657918572753
0,0,1,1,0,1,0,0,1,0,0,0,0.39688664251111283,0.3290876301405281,0.3681818579800028
0,1,1,1,1,0,1,0,1,1,1,1,0.4215116133917566,0.3412694099249621,0.3748125906980953
0,1,0,0,1,0,0,1,0,1,0,0,0.39665868193238946,0.3268063992534216,0.3636958089494195
1,1,1,0,0,1,1,0,0,1,1,1,0.4123765089969832,0.345273483657544,0.38392280744133045
1,1,1,0,0,0,0,0,0,0,1,1,0.3997105558467861,0.33391952015410514,0.37088534489096137
1,0,0,0,0,0,1,0,0,0,1,1,0.41347483173995725,0.34397956340755453,0.3839891724296151
0,1,1,0,1,0,1,0,0,0,0,0,0.4033995531424055,0.32939947527272434,0.3729176312534183
0,0,0,0,1,0,0,1,1,1,0,1,0.4201678305560157,0.34556393666449564,0.38664987281128965
0,1,0,1,1,1,1,1,1,0,1,0,0.3934709587699402,0.3219245051826455,0.35312966623600117
0,1,0,0,1,1,0,1,0,1,0,1,0.41069222792296656,0.339884376647896,0.37405103217339847
1,1,0,1,0,1,0,1,0,0,1,0,0.40698131805137727,0.33525637270486,0.37535424294909947
1,0,0,0,0,0,1,1,0,0,0,1,0.4067861332320207,0.3355318821202268,0.36397595149479317
1,0,1,1,0,1,0,1,1,1,1,1,0.42287500767430847,0.3517014466637973,0.39160158924956695
1,0,1,0,0,1,0,1,1,0,0,0,0.39264014561792965,0.32620514941455697,0.3589923412792391
1,1,0,1,1,1,0,1,1,0,1,0,0.39541993460145275,0.3316222425570642,0.3693623177406693
1,0,1,0,1,1,0,0,0,1,0,1,0.402361517764282,0.3343371532088045,0.36882907499669126
1,1,0,1,0,0,0,1,0,0,1,1,0.42047627642989704,0.34954517945154656,0.38711482819320875
0,0,1,1,0,1,0,1,0,1,1,1,0.42001135071419027,0.3439981958638972,0.3842654720200873
1,1,0,0,1,1,0,1,0,0,1,0,0.40030819965096803,0.33308972161018213,0.36860277428505933
1,1,0,1,0,0,1,1,0,0,0,1,0.41141459873431424,0.342458696605664,0.3755262798262498
1,0,1,0,1,1,0,0,1,1,0,0,0.39353472251741434,0.32919337961287326,0.36535376080202375
1,1,1,1,0,0,1,1,1,1,1,1,0.41209100992291153,0.3420056766335689,0.37267028698989896
1,1,0,1,0,0,0,1,1,0,1,0,0.4040064741460444,0.33250744489651235,0.37453442808954207
0,0,0,0,0,0,0,1,0,1,0,0,0.4098017285021739,0.3346461441694748,0.3775139843864721
1,0,0,0,1,0,0,1,0,0,1,1,0.41115318244092625,0.3422444581496724,0.3655617055064596
1,0,0,1,1,0,0,0,0,0,1,0,0.3983428683136903,0.3327013129868581,0.3710473884563064
1,1,0,0,0,1,1,0,0,1,1,0,0.40694483784306656,0.33534212376424133,0.3759108768348112
1,0,1,1,1,0,0,1,1,1,1,1,0.4072356337030417,0.3395495221545814,0.375652161309907
0,0,0,0,1,0,1,1,1,1,0,0,0.4070143440318806,0.32999779137506996,0.36856319088326006
0,0,1,0,1,0,0,0,0,1,0,1,0.4046113189786815,0.3340065406489242,0.3722761400690167
1,0,1,1,0,1,0,1,0,1,1,1,0.41167411154850964,0.341560127033651,0.3784187669120968
1,0,0,1,1,1,1,0,0,1,0,0,0.40619348050988696,0.3334048966834783,0.37334693797625335
1,1,0,1,0,1,0,1,1,1,1,0,0.4072195258330598,0.33398580336055267,0.37295296546960544
1,0,0,1,1,1,0,0,0,1,0,1,0.40930888049115516,0.3415882987538926,0.3806080898692725
1,1,0,1,0,0,1,0,1,1,0,1,0.4090480736273495,0.33933541007942386,0.3721954088369603
0,0,0,0,0,1,0,1,1,0,0,0,0.4045777839058739,0.3325021088416797,0.3737741810094219
1,1,1,1,1,1,0,0,0,1,1,1,0.40014360811176614,0.3363893240150424,0.37515781230422096
1,0,1,0,1,1,0,1,0,1,0,1,0.4125055866240171,0.339883273821243,0.36964756377748226
0,1,1,0,1,0,1,0,0,1,0,1,0.41364651441002476,0.3416746691626701,0.38382648015363463
1,1,1,1,0,0,1,1,0,0,1,0,0.4110167153177992,0.3360722459900026,0.3652552614609858
1,0,0,0,0,0,1,1,1,0,1,1,0.41264359139163415,0.3401611147516612,0.3694692156216743
1,1,0,1,0,1,1,0,1,0,1,1,0.4181909186997591,0.34261313797475357,0.38329028249356184
1,0,1,1,0,0,0,0,0,1,0,1,0.409585749081553,0.3409923931568918,0.38445660973631235
0,0,0,1,1,0,1,1,0,0,1,0,0.4080533867806548,0.3322765383115335,0.3756180442938742
0,0,0,0,1,0,0,0,0,0,0,0,0.40307518088085853,0.3311211295162543,0.37216856788737573
1,0,0,0,0,0,0,1,0,0,0,1,0.4106632298867899,0.34260554028533974,0.3831309489955986
1,0,0,0,0,1,1,0,0,0,0,0,0.40006086835054144,0.3306652641538469,0.37405485112787895
0,1,1,1,0,0,1,1,1,0,0,1,0.41671576124308124,0.3405696775750814,0.37896842309436546
1,1,0,0,0,1,0,1,1,1,0,0,0.3903687925597938,0.32657652974339557,0.366616711181967
1,1,1,1,1,1,1,1,1,0,0,1,0.4129076593424922,0.3462551090606564,0.38567614175291254
1,1,0,1,0,0,1,0,0,0,0,0,0.40315176346401393,0.3314105497190276,0.37085741438921693
0,1,1,1,1,1,1,1,0,1,0,1,0.4221147500531203,0.3502892078531642,0.38709480221925924
1,0,0,1,1,1,1,0,1,1,0,0,0.3999932267325243,0.32761199901927407,0.36252179987669225
0,1,0,0,0,1,1,1,1,1,0,1,0.4153045099349078,0.34127672567840667,0.37636347885097887
0,0,1,0,0,1,1,1,1,1,1,0,0.4030610546357826,0.33300265328467965,0.37234257135220405
0,1,0,1,1,1,1,0,1,0,1,0,0.3918099866842272,0.3187664960884783,0.35197484646280397
0,1,0,1,0,1,1,0,1,1,1,1,0.41968652651254307,0.3439546419603642,0.38219632662959935
1,1,1,0,1,1,1,0,1,1,0,0,0.3880092972733293,0.3230027652767581,0.35479596879035896
1,0,0,0,0,1,0,0,0,1,0,0,0.4051105128537884,0.334994712758874,0.3760515379557186
0,1,1,0,0,1,0,1,0,0,0,1,0.41909477676675466,0.34936609983104716,0.38787729052010217
0,0,0,0,1,1,0,1,1,1,0,1,0.41642905497109056,0.3427405129019684,0.380169245194302
0,1,1,0,1,1,1,0,0,0,1,1,0.41547149610646045,0.34404241653997686,0.3769179889002865
1,0,0,0,0,1,1,1,0,1,0,0,0.40282750509433884,0.33238114801872676,0.3700546881009363
1,1,1,0,1,0,1,1,1,0,0,1,0.4072052181433338,0.34034454230186506,0.37755698360622736
0,0,0,0,1,1,1,0,0,0,0,0,0.41111988159289414,0.33476348271894973,0.3770242127223576
0,0,0,1,0,0,0,0,1,1,0,0,0.4033133223907431,0.32795959381813733,0.36450512985514133
0,1,0,1,1,0,1,1,1,0,0,1,0.4126569358971468,0.33594008181186935,0.3697834969017402
0,0,0,1,0,1,0,1,1,0,0,1,0.40891796498112437,0.3367552734970146,0.3718920707200525
1,0,0,0,1,0,1,0,1,1,0,1,0.40820033753072676,0.3374573606327536,0.37871846662841363
1,1,1,0,1,1,1,0,1,0,0,0,0.38672409946872555,0.32310281344832065,0.35635520766626066
0,1,0,0,0,0,0,0,0,1,1,1,0.4132446529095994,0.3393994420062978,0.3788842412460897
1,1,0,1,1,0,1,1,0,0,1,0,0.3998019503980616,0.3304710471462928,0.3682334710357382
1,1,0,1,0,0,0,1,0,0,0,1,0.4092061216529069,0.3407922782143897,0.3772618968046323
0,1,1,1,0,1,0,1,1,1,1,1,0.42036630266374775,0.3448293857247373,0.3833613617308476
1,0,0,0,1,1,0,0,1,0,1,0,0.40552669625866133,0.3341748275615756,0.3774410088613255
1,0,1,1,1,1,1,0,0,1,0,0,0.3963933700426617,0.3314522155169353,0.3672477620133165
0,0,1,0,1,1,1,1,0,0,0,0,0.41070760811014406,0.3367217017045132,0.3763146113244587
1,0,1,0,0,0,0,0,0,1,0,0,0.39441498213286064,0.33206365163572804,0.36990942117951936
0,0,1,1,1,0,0,1,1,1,0,1,0.41101999067452044,0.34106845480777803,0.37790684606576186
0,0,1,1,0,0,0,0,1,1,1,0,0.39322515734443814,0.3242770151089453,0.36201977017585396
1,1,1,1,1,0,0,0,0,0,0,1,0.40019505672643824,0.33886387010124797,0.3776668601128784
1,0,1,1,1,1,1,0,1,0,0,1,0.40363533075902375,0.336613211799322,0.36693249114361465
1,0,1,1,0,1,1,1,0,1,1,1,0.41136581402762606,0.34177149899738685,0.38152181320745243
0,1,1,1,0,0,0,0,1,0,1,0,0.40618332530103046,0.3314746972326167,0.3710549389431932
0,0,1,0,1,0,1,1,1,1,1,1,0.4184607253240652,0.3401866694228516,0.36938722166745885
1,1,1,0,1,1,1,1,1,1,1,1,0.3957197710740214,0.33018613158240717,0.36053594958755836
1,0,1,1,0,1,1,1,0,0,1,1,0.41017506291893324,0.34284737673299226,0.38156044141263606
0,1,0,1,0,1,0,1,0,1,1,0,0.41067587975088266,0.33741518131320597,0.3791328592190126
1,1,0,1,1,0,0,1,1,1,0,1,0.41070390023307224,0.3425040738904324,0.380637095266622
1,0,1,1,0,0,0,1,1,1,0,1,0.4128898765357247,0.3442523392730005,0.38474459927080606
1,1,0,0,0,0,0,1,1,1,1,1,0.40329335125203464,0.3385038479416244,0.3705779429053743
1,1,0,1,0,0,0,0,1,0,0,0,0.39010907090793284,0.3250047078107624,0.36447371978227056
1,0,0,1,1,0,1,0,0,1,0,0,0.41170282739620273,0.3369464314833265,0.37904198619625273
0,1,0,0,1,0,1,0,0,0,1,1,0.41178314061964116,0.3411394000666492,0.3829282688146028
1,0,1,1,1,1,1,0,1,0,1,1,0.4101846025893767,0.3430859403503549,0.37306535285971343
1,1,1,0,0,1,0,0,0,0,1,0,0.3868335090766963,0.3236134934262741,0.3620515809419025
0,1,0,0,1,0,0,0,1,1,1,0,0.3941259471086217,0.325402130449156,0.36561669650224404
0,1,0,1,0,1,0,1,1,1,1,0,0.40788482086903904,0.33580370506978785,0.37889456338933897
0,0,0,0,0,1,0,1,1,0,0,1,0.4177980839528701,0.34685108189505054,0.3849613148813784
1,1,1,0,0,1,1,0,0,1,0,0,0.4032615907146783,0.3373982339853339,0.3794058189090653
0,0,0,0,0,0,0,1,0,0,0,1,0.4167729347131342,0.3412607955897209,0.3790042313668928
0,0,1,0,0,1,0,1,0,1,1,0,0.40111637932639027,0.3305615989791761,0.37066568926834187
0,0,1,1,0,1,1,1,0,1,0,0,0.41090293760798674,0.3370530303106659,0.3755587219913874
0,1,1,1,1,1,0,1,0,1,0,1,0.4187186020988529,0.34443928681778935,0.3869753259166726
0,1,1,0,0,0,1,0,1,0,1,0,0.4083464177755283,0.3323928447665085,0.37375574653346927
1,1,0,0,1,1,1,1,1,1,1,0,0.4011984307751459,0.3343899564632769,0.3681952566530314
1,0,0,1,0,0,1,1,0,1,0,1,0.41846036311627327,0.3470890787969152,0.37326624957347654
1,0,0,1,0,1,0,1,0,1,0,0,0.40178999091474,0.33179658850849025,0.3739885170324231
0,0,1,1,0,1,1,1,1,1,0,1,0.4150307861422855,0.3439769309374878,0.38388400154971
1,0,1,1,0,1,0,0,0,1,1,0,0.3961859844378717,0.33108340443927387,0.36860103834299685
0,1,1,1,0,0,0,1,1,1,1,1,0.4293390241144073,0.34936879818190647,0.3890245111966795
1,0,1,1,0,0,0,1,0,1,0,0,0.40134676094725985,0.3346796322630365,0.3747489146474245
0,1,1,0,0,0,1,0,1,1,0,1,0.4233765238259242,0.34757273796220906,0.3761903940971288
1,0,1,0,0,0,1,1,0,0,1,1,0.40655092833693407,0.3354098661553124,0.363291451659116
0,1,0,0,0,0,0,1,0,1,1,0,0.4076558112559487,0.3375591675803772,0.37667173963599115
0,0,1,1,0,0,0,0,0,1,0,0,0.3967010554970356,0.3274145174955542,0.3631484085222472
1,0,1,0,1,0,0,1,0,1,0,0,0.39701855811967557,0.3319468330728161,0.3702633838092952
1,0,1,1,0,1,0,1,1,0,1,0,0.4031904359841762,0.33781994338887383,0.37949854648291537
1,0,1,1,0,0,1,0,1,0,1,0,0.4040741833679845,0.33604963076588856,0.362738486066605
1,0,0,0,0,1,0,1,1,0,0,1,0.4099359646547131,0.33525650028971726,0.373630311447772
1,1,1,0,0,0,1,1,1,1,1,1,0.41728117345673343,0.3452649452758343,0.37494604952337746
0,0,0,1,0,1,1,1,1,0,1,0,0.4004112882248084,0.32835962908774674,0.3656172600272775
0,1,0,1,1,0,0,0,0,0,1,0,0.3946146261448959,0.32684510781087023,0.3647819261573165
